Workbook
Name \\: {"994시행","SUM(994시행)","YNNNN",FALSE;"9일분기시행","SUM(9일분기시행)","YNNNN",FALSE;"이분기","SUM(이분기)","YNNNN",FALSE}
Name \\: {"994시행","SUM(994시행)","YNNNN",FALSE;"9일분기시행","SUM(9일분기시행)","YNNNN",FALSE;"이분기","SUM(이분기)","YNNNN",FALSE}
Name \\: {"994시행","SUM(994시행)","YNNNN",FALSE;"9일분기시행","SUM(9일분기시행)","YNNNN",FALSE;"이분기","SUM(이분기)","YNNNN",FALSE}
Name \\: {"994시행","SUM(994시행)","YNNNN",FALSE;"9일분기시행","SUM(9일분기시행)","YNNNN",FALSE;"이분기","SUM(이분기)","YNNNN",FALSE}
Name \\: {"994시행","SUM(994시행)","YNNNN",FALSE;"9일분기시행","SUM(9일분기시행)","YNNNN",FALSE;"이분기","SUM(이분기)","YNNNN",FALSE}
Name \\: {"994시행","SUM(994시행)","YNNNN",FALSE;"9일분기시행","SUM(9일분기시행)","YNNNN",FALSE;"이분기","SUM(이분기)","YNNNN",FALSE}
Name \\: {"994시행","SUM(994시행)","YNNNN",FALSE;"9일분기시행","SUM(9일분기시행)","YNNNN",FALSE;"이분기","SUM(이분기)","YNNNN",FALSE}
Name \\: {"994시행","SUM(994시행)","YNNNN",FALSE;"9일분기시행","SUM(9일분기시행)","YNNNN",FALSE;"이분기","SUM(이분기)","YNNNN",FALSE}
Name \\: {"994시행","SUM(994시행)","YNNNN",FALSE;"9일분기시행","SUM(9일분기시행)","YNNNN",FALSE;"이분기","SUM(이분기)","YNNNN",FALSE}
Name \\: {"994시행","SUM(994시행)","YNNNN",FALSE;"9일분기시행","SUM(9일분기시행)","YNNNN",FALSE;"이분기","SUM(이분기)","YNNNN",FALSE}
Name \\: {"994시행","SUM(994시행)","YNNNN",FALSE;"9일분기시행","SUM(9일분기시행)","YNNNN",FALSE;"이분기","SUM(이분기)","YNNNN",FALSE}
Name \\: {"994시행","SUM(994시행)","YNNNN",FALSE;"9일분기시행","SUM(9일분기시행)","YNNNN",FALSE;"이분기","SUM(이분기)","YNNNN",FALSE}
Name \\: {"994시행","SUM(994시행)","YNNNN",FALSE;"9일분기시행","SUM(9일분기시행)","YNNNN",FALSE;"이분기","SUM(이분기)","YNNNN",FALSE}
Name \\: {"994시행","SUM(994시행)","YNNNN",FALSE;"9일분기시행","SUM(9일분기시행)","YNNNN",FALSE;"이분기","SUM(이분기)","YNNNN",FALSE}
Name \\: {"994시행","SUM(994시행)","YNNNN",FALSE;"9일분기시행","SUM(9일분기시행)","YNNNN",FALSE;"이분기","SUM(이분기)","YNNNN",FALSE}
Name \\: {"994시행","SUM(994시행)","YNNNN",FALSE;"9일분기시행","SUM(9일분기시행)","YNNNN",FALSE;"이분기","SUM(이분기)","YNNNN",FALSE}
Name \a: #N/A
Name \AA: #N/A
Name \b: #N/A
Name \c: #N/A
Name \d: #N/A
Name \e: #N/A
Name \f: #N/A
Name \g: #N/A
Name \h: #N/A
Name \i: #N/A
Name \j: #N/A
Name \k: #N/A
Name \l: #N/A
Name \m: #REF!
Name \m: #REF!
Name \m: #REF!
Name \m: #REF!
Name \m: #REF!
Name \m: #REF!
Name \m: #REF!
Name \m: #REF!
Name \m: #REF!
Name \m: #REF!
Name \m: #REF!
Name \m: #REF!
Name \m: #REF!
Name \m: #REF!
Name \m: #REF!
Name \n: #REF!
Name \n: #REF!
Name \n: #REF!
Name \n: #REF!
Name \n: #REF!
Name \n: #REF!
Name \n: #REF!
Name \n: #REF!
Name \n: #REF!
Name \n: #REF!
Name \n: #REF!
Name \n: #REF!
Name \n: #REF!
Name \n: #REF!
Name \n: #REF!
Name \o: #REF!

Sheet SUM
B2: 1.매출 현황
B19: ○ 매출/ 비용/ 영업이익 현황 | L19: (단위. 백만원)
B20: 구분 | G20: 2023 | H20: 2024 | I20: 2025 | J20: 2026 | K20: 비고 | M20: 비 고 | N20: 사업자료 | R20: 경쟁력 확보
N21: 1차자료 | O21: 비율 | P21: 최종자료 | Q21: 비율 | R21: 트랜스 포머 | S21: 비율 | T21: 2025년 | U21: 2026년
B22: 전체 현황 | E22: 매출(백만원) | G22: =+#REF! -> #REF! | H22: =+#REF! -> #REF! | I22: =+#REF! -> #REF! | J22: =+#REF! -> #REF! | M22: 매출(백만원) | N22: 7.0346707e+10 | P22: 8.3195031e+10 | Q22: =P22/N22 -> 1.1826429 | R22: =H22 -> #REF! | S22: =R22/P22 -> #REF! | T22: 91380 | U22: 102993 | V22: 기존
B23: 전체 현황 | E23: 비용 (백만원) | G23: =+SUM(G24:G27) -> #REF! | H23: =+SUM(H24:H27) -> #REF! | I23: =+SUM(I24:I27) -> #REF! | J23: =+SUM(J24:J27) -> #REF! | M23: 매출(생산액) | N23: 7.0346707e+10 | P23: 8.3195031e+10 | R23: =#REF! -> #REF! | T23: 110142 | U23: 138463 | V23: 트랜스 포머 2차
B24: 전체 현황 | E24: Ⅰ.원재료비 | G24: =+#REF! -> #REF! | H24: =+#REF! -> #REF! | I24: =+#REF! -> #REF! | J24: =+#REF! -> #REF! | M24: 비용 (백만원) | N24: =SUM(N25:N28) -> 6.3267335e+10 | O24: =N24/N22 -> 0.89936456 | P24: =SUM(P25:P28) -> 7.3792993e+10 | Q24: =P24/P22 -> 0.88698799 | R24: =(H24+H25+H26+H27) -> #REF! | S24: =R24/R22 -> #REF! | T24: =I22/1000000 -> #REF! | U24: =J22/1000000 -> #REF! | V24: 트랜스 포머 3차
B25: 전체 현황 | E25: Ⅱ. 노무비 | G25: =+#REF! -> #REF! | H25: =+#REF! -> #REF! | I25: =+#REF! -> #REF! | J25: =+#REF! -> #REF! | M25: Ⅰ.원재료비 | N25: 4.8212846e+10 | O25: =N25/N22 -> 0.68536039 | P25: 5.6659209e+10 | Q25: =P25/P22 -> 0.68104078 | R25: =H24 -> #REF! | S25: =R25/R22 -> #REF! | T25: =T24/T22 -> #REF! | U25: =U24/U22 -> #REF!
B26: 전체 현황 | E26: Ⅲ. 경비 | G26: =+#REF! -> #REF! | H26: =+#REF! -> #REF! | I26: =+#REF! -> #REF! | J26: =+#REF! -> #REF! | M26: Ⅱ. 노무비 | N26: 3068330760 | O26: =N26/N22 -> 0.043617262 | P26: 3696496650 | Q26: =P26/P22 -> 0.0444317 | R26: =H25 -> #REF! | S26: =R26/R22 -> #REF! | T26: (조립비 2.7%)
B27: 전체 현황 | E27: Ⅳ. 판매비와 관리비 | G27: =+#REF! -> #REF! | H27: =+#REF! -> #REF! | I27: =+#REF! -> #REF! | J27: =+#REF! -> #REF! | M27: Ⅲ. 경비 | N27: 3.8693614e+09 | O27: =N27/N22 -> 0.055004158 | P27: 4.0522813e+09 | Q27: =P27/P22 -> 0.048708213 | R27: =H26 -> #REF! | S27: =R27/R22 -> #REF!
B28: 전체 현황 | E28: 영업이익 | G28: =+#REF! -> #REF! | H28: =+#REF! -> #REF! | I28: =+#REF! -> #REF! | J28: =+#REF! -> #REF! | M28: Ⅳ. 판매비와 관리비 | N28: 8.1167966e+09 | O28: =N28/N22 -> 0.11538275 | P28: 9.3850068e+09 | Q28: =P28/P22 -> 0.1128073 | R28: =H27 -> #REF! | S28: =R28/R22 -> #REF!
G29: =+G28/G22 -> #REF! | H29: =+H28/H22 -> #REF! | I29: =+I28/I22 -> #REF! | J29: =+J28/J22 -> #REF! | M29: 영업이익 | N29: 7.0793722e+09 | O29: =N29/N22 -> 0.10063544 | P29: 9.4020373e+09 | Q29: =P29/P22 -> 0.11301201 | R29: =R22-R24 -> #REF! | S29: =R29/R22 -> #REF!
B32: 2. 비용 현황
L56: (단위. 백만원)
E57: 구분 | G57: 2023 | H57: 2024 | I57: DIFF | J57: % | L57: 비고
B59: 전체 현황 | E59: Ⅰ.원재료비 | G59: =+G24 -> #REF! | H59: =+H24 -> #REF! | I59: =+(H59-G59) -> #REF! | J59: =+I59/G59 -> #REF!
B60: 전체 현황 | E60: Ⅱ. 노무비 | G60: =+G25 -> #REF! | H60: =+H25 -> #REF! | I60: =+(H60-G60) -> #REF! | J60: =+I60/G60 -> #REF!
B61: 전체 현황 | E61: Ⅲ. 경비 | G61: =+G26 -> #REF! | H61: =+H26 -> #REF! | I61: =+(H61-G61) -> #REF! | J61: =+I61/G61 -> #REF!
B62: 전체 현황 | E62: Ⅳ. 판매비와 관리비 | G62: =+G27 -> #REF! | H62: =+H27 -> #REF! | I62: =+(H62-G62) -> #REF! | J62: =+I62/G62 -> #REF!
B63: 전체 현황 | E63: 비용 (백만원) | G63: =SUM(G59:G62) -> #REF! | H63: =SUM(H59:H62) -> #REF! | I63: =SUM(I59:I62) -> #REF! | J63: =+I63/G63 -> #REF!
B64: 전체 현황 | E64: 비용/ 매출 (%) | G64: =+G63/G22 -> #REF! | H64: =+H63/H22 -> #REF!

Sheet 표준대비 증감
B1: 손익 증감 요인 | D1: =+E1-1 -> 6 | E1: 7 | F1: =+IF(E1=12,1,E1+1) -> 8 | G1: =+F1+1 -> 9 | H1: =+G1+1 -> 10
D2: =+D1*1.12 -> 6.72 | E2: =+E1*1.12 -> 7.84 | F2: =+F1*1.12 -> 8.96 | G2: =+G1*1.12 -> 10.08 | H2: =+H1*1.12 -> 11.2
B3: =+"1.1. "&D1&"월 사업목표대비 실적 - 금액기준" -> 1.1. 6월 사업목표대비 실적 - 금액기준
B4: 구분 | C4: 매출(천원) | D4: 생산(천원) | E4: 원재료비(천원) | F4: 노무비(천원) | G4: 경비(천원) | H4: 판매관리비(천원)
B5: 사업목표 | C5: =+INDEX('2026-사업계획-PL'!$T:$AQ,68,MATCH($D$1,'2026-사업계획-PL'!$T$1:$AQ$1,0)) -> 9.5181202e+09 | D5: =+INDEX('2026-사업계획-MC'!$T:$AQ,49,MATCH($D$1,'2026-사업계획-MC'!$T$1:$AQ$1,0)) -> 9.5181202e+09 | E5: =+INDEX('2026-사업계획-MC'!$T:$AQ,50,MATCH($D$1,'2026-사업계획-MC'!$T$1:$AQ$1,0)) -> 6.535768e+09 | F5: =+INDEX('2026-사업계획-MC'!$T:$AQ,55,MATCH($D$1,'2026-사업계획-MC'!$T$1:$AQ$1,0)) -> 4.1832178e+08 | G5: =+INDEX('2026-사업계획-MC'!$T:$AQ,61,MATCH($D$1,'2026-사업계획-MC'!$T$1:$AQ$1,0)) -> 5.3978074e+08 | H5: =+INDEX('2026-사업계획-PL'!$T:$AQ,90,MATCH($D$1,'2026-사업계획-PL'!$T$1:$AQ$1,0)) -> 1.1499958e+09
B6: 운영목표 | C6: =+INDEX('2026-운영계획 PL'!$T:$AQ,68,MATCH($D$1,'2026-운영계획 PL'!$T$1:$AQ$1,0)) -> 9.5700172e+09 | D6: =+INDEX('2026-운영계획-MC'!$T:$AQ,49,MATCH($D$1,'2026-운영계획-MC'!$T$1:$AQ$1,0)) -> 9.0912914e+09 | E6: =+INDEX('2026-운영계획-MC'!$T:$AQ,50,MATCH($D$1,'2026-운영계획-MC'!$T$1:$AQ$1,0)) -> 6.3238281e+09 | F6: =+INDEX('2026-운영계획-MC'!$T:$AQ,55,MATCH($D$1,'2026-운영계획-MC'!$T$1:$AQ$1,0)) -> 4.1138161e+08 | G6: =+INDEX('2026-운영계획-MC'!$T:$AQ,61,MATCH($D$1,'2026-운영계획-MC'!$T$1:$AQ$1,0)) -> 5.3092971e+08 | H6: =+INDEX('2026-운영계획 PL'!$T:$AQ,90,MATCH($D$1,'2026-운영계획 PL'!$T$1:$AQ$1,0)) -> 1.1572182e+09
B7: 실적 | C7: =+INDEX('2026-실적 PL'!$O:$AL,68,MATCH($D$1,'2026-실적 PL'!$O$1:$AL$1,0)) -> 0 | D7: =+INDEX('2026-실적-MC'!$T:$AQ,49,MATCH($D$1,'2026-실적-MC'!$T$1:$AQ$1,0)) -> 0 | E7: =+INDEX('2026-실적-MC'!$T:$AQ,50,MATCH($D$1,'2026-실적-MC'!$T$1:$AQ$1,0)) -> 0 | F7: =+INDEX('2026-실적-MC'!$T:$AQ,55,MATCH($D$1,'2026-실적-MC'!$T$1:$AQ$1,0)) -> 0 | G7: =+INDEX('2026-실적-MC'!$T:$AQ,61,MATCH($D$1,'2026-실적-MC'!$T$1:$AQ$1,0)) -> 0 | H7: =+INDEX('2026-실적 PL'!$T:$AQ,90,MATCH($D$1,'2026-실적 PL'!$T$1:$AQ$1,0)) -> 0
C8: =C7/C6 -> 0 | D8: =D7/D6 -> 0
B9: =+"1.2. "&D1&"월 사업목표대비 실적 - 비율기준" -> 1.2. 6월 사업목표대비 실적 - 비율기준
B10: 구분 | C10: 달성율(%) | D10: 영업이익(%) | E10: 원재료비(%) | F10: 노무비(%) | G10: 경비(%) | H10: 판매관리비(%)
B11: 사업목표 | D11: =+INDEX('2026-사업계획-PL'!$T:$AQ,121,MATCH($D$2,'2026-사업계획-PL'!$T$1:$AQ$1,0)) -> 0.091851529 | E11: =+INDEX('2026-사업계획-MC'!$T:$AQ,50,MATCH($D$2,'2026-사업계획-MC'!$T$1:$AQ$1,0)) -> 0.68666584 | F11: =+INDEX('2026-사업계획-MC'!$T:$AQ,55,MATCH($D$2,'2026-사업계획-MC'!$T$1:$AQ$1,0)) -> 0.043950042 | G11: =+INDEX('2026-사업계획-MC'!$T:$AQ,61,MATCH($D$2,'2026-사업계획-MC'!$T$1:$AQ$1,0)) -> 0.056710855 | H11: =+INDEX('2026-사업계획-PL'!$T:$AQ,90,MATCH($D$2,'2026-사업계획-PL'!$T$1:$AQ$1,0)) -> 0.12082173 | I11: =+G11+F11+E11 -> 0.78732674
B12: 운영목표 | C12: =C6/C5 -> 1.0054524 | D12: =+INDEX('2026-운영계획 PL'!$T:$AQ,121,MATCH($D$2,'2026-운영계획 PL'!$T$1:$AQ$1,0)) -> 0.11981792 | E12: =+INDEX('2026-운영계획-MC'!$T:$AQ,50,MATCH($D$2,'2026-운영계획-MC'!$T$1:$AQ$1,0)) -> 0.69559184 | F12: =+INDEX('2026-운영계획-MC'!$T:$AQ,55,MATCH($D$2,'2026-운영계획-MC'!$T$1:$AQ$1,0)) -> 0.045250074 | G12: =+INDEX('2026-운영계획-MC'!$T:$AQ,61,MATCH($D$2,'2026-운영계획-MC'!$T$1:$AQ$1,0)) -> 0.058399812 | H12: =+INDEX('2026-운영계획 PL'!$T:$AQ,90,MATCH($D$2,'2026-운영계획 PL'!$T$1:$AQ$1,0)) -> 0.12092122 | I12: =+G12+F12+E12 -> 0.79924172
B13: 실 적 | C13: =C7/C5 -> 0 | D13: =+INDEX('2026-실적 PL'!$T:$AQ,121,MATCH($D$2,'2026-실적 PL'!$T$1:$AQ$1,0)) -> 0 | E13: =+INDEX('2026-실적-MC'!$T:$AQ,50,MATCH($D$2,'2026-실적-MC'!$T$1:$AQ$1,0)) -> 0 | F13: =+INDEX('2026-실적-MC'!$T:$AQ,55,MATCH($D$2,'2026-실적-MC'!$T$1:$AQ$1,0)) -> 0 | G13: =+INDEX('2026-실적-MC'!$T:$AQ,61,MATCH($D$2,'2026-실적-MC'!$T$1:$AQ$1,0)) -> 0 | H13: =+INDEX('2026-실적 PL'!$T:$AQ,90,MATCH($D$2,'2026-실적 PL'!$T$1:$AQ$1,0)) -> 0 | I13: =+G13+F13+E13 -> 0
D14: =D13-D12 -> -0.11981792 | E14: =E13-E12 -> -0.69559184 | F14: =F13-F12 -> -0.045250074 | G14: =G13-G12 -> -0.058399812 | H14: =H13-H12 -> -0.12092122 | I14: =+G14+F14+E14 -> -0.79924172
B15: =+"2.1. "&E1&"월 사업목표대비 실적 - 금액기준" -> 2.1. 7월 사업목표대비 실적 - 금액기준
B16: 구분 | C16: 매출(천원) | D16: 생산(천원) | E16: 원재료비(천원) | F16: 노무비(천원) | G16: 경비(천원) | H16: 판매관리비(천원)
B17: 사업목표 | C17: =+INDEX('2026-사업계획-PL'!$T:$AQ,68,MATCH($E$1,'2026-사업계획-PL'!$T$1:$AQ$1,0)) -> 8.7172907e+09 | D17: =+INDEX('2026-사업계획-MC'!$T:$AQ,49,MATCH($E$1,'2026-사업계획-MC'!$T$1:$AQ$1,0)) -> 8.7172907e+09 | E17: =+INDEX('2026-사업계획-MC'!$T:$AQ,50,MATCH($E$1,'2026-사업계획-MC'!$T$1:$AQ$1,0)) -> 6.03839e+09 | F17: =+INDEX('2026-사업계획-MC'!$T:$AQ,55,MATCH($E$1,'2026-사업계획-MC'!$T$1:$AQ$1,0)) -> 3.7802426e+08 | G17: =+INDEX('2026-사업계획-MC'!$T:$AQ,61,MATCH($E$1,'2026-사업계획-MC'!$T$1:$AQ$1,0)) -> 5.1744752e+08 | H17: =+INDEX('2026-사업계획-PL'!$T:$AQ,90,MATCH($E$1,'2026-사업계획-PL'!$T$1:$AQ$1,0)) -> 1.0600084e+09
B18: 운영목표 | C18: =+INDEX('2026-운영계획 PL'!$T:$AQ,68,MATCH($E$1,'2026-운영계획 PL'!$T$1:$AQ$1,0)) -> 1.1293306e+10 | D18: =+INDEX('2026-운영계획-MC'!$T:$AQ,49,MATCH($E$1,'2026-운영계획-MC'!$T$1:$AQ$1,0)) -> 1.0639273e+10 | E18: =+INDEX('2026-운영계획-MC'!$T:$AQ,50,MATCH($E$1,'2026-운영계획-MC'!$T$1:$AQ$1,0)) -> 7.6603444e+09 | F18: =+INDEX('2026-운영계획-MC'!$T:$AQ,55,MATCH($E$1,'2026-운영계획-MC'!$T$1:$AQ$1,0)) -> 5.0916036e+08 | G18: =+INDEX('2026-운영계획-MC'!$T:$AQ,61,MATCH($E$1,'2026-운영계획-MC'!$T$1:$AQ$1,0)) -> 5.655093e+08 | H18: =+INDEX('2026-운영계획 PL'!$T:$AQ,90,MATCH($E$1,'2026-운영계획 PL'!$T$1:$AQ$1,0)) -> 1.2730862e+09
B19: 실적 | C19: =+INDEX('2026-실적 PL'!$O:$AL,68,MATCH($E$1,'2026-실적 PL'!$O$1:$AL$1,0)) -> 0 | D19: =+INDEX('2026-실적-MC'!$T:$AQ,49,MATCH($E$1,'2026-실적-MC'!$T$1:$AQ$1,0)) -> 0 | E19: =+INDEX('2026-실적-MC'!$T:$AQ,50,MATCH($E$1,'2026-실적-MC'!$T$1:$AQ$1,0)) -> 0 | F19: =+INDEX('2026-실적-MC'!$T:$AQ,55,MATCH($E$1,'2026-실적-MC'!$T$1:$AQ$1,0)) -> 0 | G19: =+INDEX('2026-실적-MC'!$T:$AQ,61,MATCH($E$1,'2026-실적-MC'!$T$1:$AQ$1,0)) -> 0 | H19: =+INDEX('2026-실적 PL'!$T:$AQ,90,MATCH($E$1,'2026-실적 PL'!$T$1:$AQ$1,0)) -> 0
C20: =C19/C18 -> 0 | D20: =D19/D18 -> 0
B21: =+"2.2. "&E1&"월 사업목표대비 실적 - 비율기준" -> 2.2. 7월 사업목표대비 실적 - 비율기준
B22: 구분 | C22: 달성율(%) | D22: 영업이익(%) | E22: 원재료비(%) | F22: 노무비(%) | G22: 경비(%) | H22: 판매관리비(%)
B23: 사업목표 | D23: =+INDEX('2026-사업계획-PL'!$T:$AQ,121,MATCH($E$2,'2026-사업계획-PL'!$T$1:$AQ$1,0)) -> 0.082986851 | E23: =+INDEX('2026-사업계획-MC'!$T:$AQ,50,MATCH($E$2,'2026-사업계획-MC'!$T$1:$AQ$1,0)) -> 0.69269114 | F23: =+INDEX('2026-사업계획-MC'!$T:$AQ,55,MATCH($E$2,'2026-사업계획-MC'!$T$1:$AQ$1,0)) -> 0.04336488 | G23: =+INDEX('2026-사업계획-MC'!$T:$AQ,61,MATCH($E$2,'2026-사업계획-MC'!$T$1:$AQ$1,0)) -> 0.059358755 | H23: =+INDEX('2026-사업계획-PL'!$T:$AQ,90,MATCH($E$2,'2026-사업계획-PL'!$T$1:$AQ$1,0)) -> 0.12159838 | I23: =+G23+F23+E23 -> 0.79541477
B24: 운영목표 | C24: =C18/C17 -> 1.2955064 | D24: =+INDEX('2026-운영계획 PL'!$T:$AQ,121,MATCH($E$2,'2026-운영계획 PL'!$T$1:$AQ$1,0)) -> 0.11380246 | E24: =+INDEX('2026-운영계획-MC'!$T:$AQ,50,MATCH($E$2,'2026-운영계획-MC'!$T$1:$AQ$1,0)) -> 0.72000637 | F24: =+INDEX('2026-운영계획-MC'!$T:$AQ,55,MATCH($E$2,'2026-운영계획-MC'!$T$1:$AQ$1,0)) -> 0.047856687 | G24: =+INDEX('2026-운영계획-MC'!$T:$AQ,61,MATCH($E$2,'2026-운영계획-MC'!$T$1:$AQ$1,0)) -> 0.053153002 | H24: =+INDEX('2026-운영계획 PL'!$T:$AQ,90,MATCH($E$2,'2026-운영계획 PL'!$T$1:$AQ$1,0)) -> 0.11272927 | I24: =+G24+F24+E24 -> 0.82101606
B25: 실 적 | C25: =C19/C17 -> 0 | D25: =+INDEX('2026-실적 PL'!$T:$AQ,121,MATCH($E$2,'2026-실적 PL'!$T$1:$AQ$1,0)) -> 0 | E25: =+INDEX('2026-실적-MC'!$T:$AQ,50,MATCH($E$2,'2026-실적-MC'!$T$1:$AQ$1,0)) -> 0 | F25: =+INDEX('2026-실적-MC'!$T:$AQ,55,MATCH($E$2,'2026-실적-MC'!$T$1:$AQ$1,0)) -> 0 | G25: =+INDEX('2026-실적-MC'!$T:$AQ,61,MATCH($E$2,'2026-실적-MC'!$T$1:$AQ$1,0)) -> 0 | H25: =+INDEX('2026-실적 PL'!$T:$AQ,90,MATCH($E$2,'2026-실적 PL'!$T$1:$AQ$1,0)) -> 0 | I25: =+G25+F25+E25 -> 0
D26: =D25-D24 -> -0.11380246 | E26: =E25-E24 -> -0.72000637 | F26: =F25-F24 -> -0.047856687 | G26: =G25-G24 -> -0.053153002 | H26: =H25-H24 -> -0.11272927 | I26: =+G26+F26+E26 -> -0.82101606
B27: =+"3.1. "&F1&"월 사업목표대비 실적 - 금액기준" -> 3.1. 8월 사업목표대비 실적 - 금액기준
B28: 구분 | C28: 매출(천원) | D28: 생산(천원) | E28: 원재료비(천원) | F28: 노무비(천원) | G28: 경비(천원) | H28: 판매관리비(천원)
B29: 사업목표 | C29: =+INDEX('2026-사업계획-PL'!$T:$AQ,68,MATCH($F$1,'2026-사업계획-PL'!$T$1:$AQ$1,0)) -> 9.6669222e+09 | D29: =+INDEX('2026-사업계획-MC'!$T:$AQ,49,MATCH($F$1,'2026-사업계획-MC'!$T$1:$AQ$1,0)) -> 9.6669222e+09 | E29: =+INDEX('2026-사업계획-MC'!$T:$AQ,50,MATCH($F$1,'2026-사업계획-MC'!$T$1:$AQ$1,0)) -> 6.8149369e+09 | F29: =+INDEX('2026-사업계획-MC'!$T:$AQ,55,MATCH($F$1,'2026-사업계획-MC'!$T$1:$AQ$1,0)) -> 4.2490661e+08 | G29: =+INDEX('2026-사업계획-MC'!$T:$AQ,61,MATCH($F$1,'2026-사업계획-MC'!$T$1:$AQ$1,0)) -> 5.4324523e+08 | H29: =+INDEX('2026-사업계획-PL'!$T:$AQ,90,MATCH($F$1,'2026-사업계획-PL'!$T$1:$AQ$1,0)) -> 1.1531247e+09
B30: 운영목표 | C30: =+INDEX('2026-운영계획 PL'!$T:$AQ,68,MATCH($F$1,'2026-운영계획 PL'!$T$1:$AQ$1,0)) -> 1.0222028e+10 | D30: =+INDEX('2026-운영계획-MC'!$T:$AQ,49,MATCH($F$1,'2026-운영계획-MC'!$T$1:$AQ$1,0)) -> 1.0222028e+10 | E30: =+INDEX('2026-운영계획-MC'!$T:$AQ,50,MATCH($F$1,'2026-운영계획-MC'!$T$1:$AQ$1,0)) -> 7.707848e+09 | F30: =+INDEX('2026-운영계획-MC'!$T:$AQ,55,MATCH($F$1,'2026-운영계획-MC'!$T$1:$AQ$1,0)) -> 5.0019176e+08 | G30: =+INDEX('2026-운영계획-MC'!$T:$AQ,61,MATCH($F$1,'2026-운영계획-MC'!$T$1:$AQ$1,0)) -> 5.7058492e+08 | H30: =+INDEX('2026-운영계획 PL'!$T:$AQ,90,MATCH($F$1,'2026-운영계획 PL'!$T$1:$AQ$1,0)) -> 1.1907592e+09
B31: 실적 | C31: =+INDEX('2026-실적 PL'!$T:$AQ,68,MATCH($F$1,'2026-실적 PL'!$T$1:$AQ$1,0)) -> 0 | D31: =+INDEX('2026-실적-MC'!$T:$AQ,49,MATCH($F$1,'2026-실적-MC'!$T$1:$AQ$1,0)) -> 0 | E31: =+INDEX('2026-실적-MC'!$T:$AQ,50,MATCH($F$1,'2026-실적-MC'!$T$1:$AQ$1,0)) -> 0 | F31: =+INDEX('2026-실적-MC'!$T:$AQ,55,MATCH($F$1,'2026-실적-MC'!$T$1:$AQ$1,0)) -> 0 | G31: =+INDEX('2026-실적-MC'!$T:$AQ,61,MATCH($F$1,'2026-실적-MC'!$T$1:$AQ$1,0)) -> 0 | H31: =+INDEX('2026-실적 PL'!$T:$AQ,90,MATCH($F$1,'2026-실적 PL'!$T$1:$AQ$1,0)) -> 0
B33: =+"3.2. "&F1&"월 사업목표대비 실적 - 비율기준" -> 3.2. 8월 사업목표대비 실적 - 비율기준
B34: 구분 | C34: 달성율(%) | D34: 영업이익(%) | E34: 원재료비(%) | F34: 노무비(%) | G34: 경비(%) | H34: 판매관리비(%)
B35: 사업목표 | D35: =+INDEX('2026-사업계획-PL'!$T:$AQ,121,MATCH($F$2,'2026-사업계획-PL'!$T$1:$AQ$1,0)) -> 0.07558856 | E35: =+INDEX('2026-사업계획-MC'!$T:$AQ,50,MATCH($F$2,'2026-사업계획-MC'!$T$1:$AQ$1,0)) -> 0.70497484 | F35: =+INDEX('2026-사업계획-MC'!$T:$AQ,55,MATCH($F$2,'2026-사업계획-MC'!$T$1:$AQ$1,0)) -> 0.043954694 | G35: =+INDEX('2026-사업계획-MC'!$T:$AQ,61,MATCH($F$2,'2026-사업계획-MC'!$T$1:$AQ$1,0)) -> 0.056196296 | H35: =+INDEX('2026-사업계획-PL'!$T:$AQ,90,MATCH($F$2,'2026-사업계획-PL'!$T$1:$AQ$1,0)) -> 0.11928561 | I35: =+G35+F35+E35 -> 0.80512583
B36: 운영목표 | C36: =C30/C29 -> 1.0574232 | D36: =+INDEX('2026-운영계획 PL'!$T:$AQ,121,MATCH($F$2,'2026-운영계획 PL'!$T$1:$AQ$1,0)) -> 0.02471568 | E36: =+INDEX('2026-운영계획-MC'!$T:$AQ,50,MATCH($F$2,'2026-운영계획-MC'!$T$1:$AQ$1,0)) -> 0.75404291 | F36: =+INDEX('2026-운영계획-MC'!$T:$AQ,55,MATCH($F$2,'2026-운영계획-MC'!$T$1:$AQ$1,0)) -> 0.048932731 | G36: =+INDEX('2026-운영계획-MC'!$T:$AQ,61,MATCH($F$2,'2026-운영계획-MC'!$T$1:$AQ$1,0)) -> 0.055819148 | H36: =+INDEX('2026-운영계획 PL'!$T:$AQ,90,MATCH($F$2,'2026-운영계획 PL'!$T$1:$AQ$1,0)) -> 0.11648953 | I36: =+G36+F36+E36 -> 0.85879479
B37: 사업목표 대비 | D37: =D36-D35 -> -0.05087288 | E37: =E36-E35 -> 0.049068076 | F37: =F36-F35 -> 0.0049780366 | G37: =G36-G35 -> -0.00037714796 | H37: =H36-H35 -> -0.0027960842 | I37: =+G37+F37+E37 -> 0.053668964
D38: =D37-D36 -> -0.07558856 | E38: =E37-E36 -> -0.70497484 | F38: =F37-F36 -> -0.043954694 | G38: =G37-G36 -> -0.056196296 | H38: =H37-H36 -> -0.11928561 | I38: =+G38+F38+E38 -> -0.80512583
B39: =+"3.1. "&G1&"월 사업목표대비 실적 - 금액기준" -> 3.1. 9월 사업목표대비 실적 - 금액기준
B40: 구분 | C40: 매출(천원) | D40: 생산(천원) | E40: 원재료비(천원) | F40: 노무비(천원) | G40: 경비(천원) | H40: 판매관리비(천원)
B41: 사업목표 | C41: =+INDEX('2025-사업계획-PL'!$O:$AL,68,MATCH($G$1,'2025-사업계획-PL'!$O$1:$AL$1,0)) -> 9.7258784e+09 | D41: =+INDEX('2025-사업계획-MC'!$O:$AL,49,MATCH($G$1,'2025-사업계획-MC'!$O$1:$AL$1,0)) -> 9.7258784e+09 | E41: =+INDEX('2025-사업계획-MC'!$O:$AL,50,MATCH($G$1,'2025-사업계획-MC'!$O$1:$AL$1,0)) -> 6.837891e+09 | F41: =+INDEX('2025-사업계획-MC'!$O:$AL,55,MATCH($G$1,'2025-사업계획-MC'!$O$1:$AL$1,0)) -> 4.5974199e+08 | G41: =+INDEX('2025-사업계획-MC'!$O:$AL,61,MATCH($G$1,'2025-사업계획-MC'!$O$1:$AL$1,0)) -> 4.9337472e+08 | H41: =+INDEX('2025-사업계획-PL'!$O:$AL,90,MATCH($G$1,'2025-사업계획-PL'!$O$1:$AL$1,0)) -> 1.2190603e+09
B42: 운영목표 | C42: =+INDEX('2025-운영계획 PL'!$O:$AL,68,MATCH($G$1,'2025-운영계획 PL'!$O$1:$AL$1,0)) -> 5.6369e+09 | D42: =+INDEX('2025-운영계획-MC'!$O:$AL,49,MATCH($G$1,'2025-운영계획-MC'!$O$1:$AL$1,0)) -> 5.3798725e+09 | E42: =+INDEX('2025-운영계획-MC'!$O:$AL,50,MATCH($G$1,'2025-운영계획-MC'!$O$1:$AL$1,0)) -> 3.6135125e+09 | F42: =+INDEX('2025-운영계획-MC'!$O:$AL,55,MATCH($G$1,'2025-운영계획-MC'!$O$1:$AL$1,0)) -> 2.5252138e+08 | G42: =+INDEX('2025-운영계획-MC'!$O:$AL,61,MATCH($G$1,'2025-운영계획-MC'!$O$1:$AL$1,0)) -> 3.7796697e+08 | H42: =+INDEX('2025-운영계획 PL'!$O:$AL,90,MATCH($G$1,'2025-운영계획 PL'!$O$1:$AL$1,0)) -> 7.3878348e+08
B43: 실적 | C43: =+INDEX('2025-실적 PL'!$O:$AL,68,MATCH($G$1,'2025-실적 PL'!$O$1:$AL$1,0)) -> 6.6886655e+09 | D43: =+INDEX('2025-실적-MC'!$O:$AL,49,MATCH($G$1,'2025-실적-MC'!$O$1:$AL$1,0)) -> 6.4759457e+09 | E43: =+INDEX('2025-실적-MC'!$O:$AL,50,MATCH($G$1,'2025-실적-MC'!$O$1:$AL$1,0)) -> 4.2071526e+09 | F43: =+INDEX('2025-실적-MC'!$O:$AL,55,MATCH($G$1,'2025-실적-MC'!$O$1:$AL$1,0)) -> 2.8320526e+08 | G43: =+INDEX('2025-실적-MC'!$O:$AL,61,MATCH($G$1,'2025-실적-MC'!$O$1:$AL$1,0)) -> 3.730388e+08 | H43: =+INDEX('2025-실적 PL'!$O:$AL,90,MATCH($G$1,'2025-실적 PL'!$O$1:$AL$1,0)) -> 7.556245e+08
B45: =+"3.2. "&G1&"월 사업목표대비 실적 - 비율기준" -> 3.2. 9월 사업목표대비 실적 - 비율기준
B46: 구분 | C46: 달성율(%) | D46: 영업이익(%) | E46: 원재료비(%) | F46: 노무비(%) | G46: 경비(%) | H46: 판매관리비(%)
B47: 사업목표 | D47: =+INDEX('2025-사업계획-PL'!$O:$AL,121,MATCH($G$2,'2025-사업계획-PL'!$O$1:$AL$1,0)) -> 0.073598534 | E47: =+INDEX('2025-사업계획-MC'!$O:$AL,50,MATCH($G$2,'2025-사업계획-MC'!$O$1:$AL$1,0)) -> 0.70306154 | F47: =+INDEX('2025-사업계획-MC'!$O:$AL,55,MATCH($G$2,'2025-사업계획-MC'!$O$1:$AL$1,0)) -> 0.047269971 | G47: =+INDEX('2025-사업계획-MC'!$O:$AL,61,MATCH($G$2,'2025-사업계획-MC'!$O$1:$AL$1,0)) -> 0.050728038 | H47: =+INDEX('2025-사업계획-PL'!$O:$AL,90,MATCH($G$2,'2025-사업계획-PL'!$O$1:$AL$1,0)) -> 0.12534192
B48: 운영목표 | C48: =C42/C41 -> 0.57957748 | D48: =+INDEX('2025-운영계획 PL'!$O:$AL,121,MATCH($G$2,'2025-운영계획 PL'!$O$1:$AL$1,0)) -> 0.11604175 | E48: =+INDEX('2025-운영계획-MC'!$O:$AL,50,MATCH($G$2,'2025-운영계획-MC'!$O$1:$AL$1,0)) -> 0.67167251 | F48: =+INDEX('2025-운영계획-MC'!$O:$AL,55,MATCH($G$2,'2025-운영계획-MC'!$O$1:$AL$1,0)) -> 0.046938172 | G48: =+INDEX('2025-운영계획-MC'!$O:$AL,61,MATCH($G$2,'2025-운영계획-MC'!$O$1:$AL$1,0)) -> 0.070255748 | H48: =+INDEX('2025-운영계획 PL'!$O:$AL,90,MATCH($G$2,'2025-운영계획 PL'!$O$1:$AL$1,0)) -> 0.13106202
B49: 사업목표 대비 | D49: =D48-D47 -> 0.042443214 | E49: =E48-E47 -> -0.031389024 | F49: =F48-F47 -> -0.00033179931 | G49: =G48-G47 -> 0.019527711 | H49: =H48-H47 -> 0.005720098
B51: =+"4.1. "&H1&"월 사업목표대비 실적 - 금액기준" -> 4.1. 10월 사업목표대비 실적 - 금액기준
B52: 구분 | C52: 매출(천원) | D52: 생산(천원) | E52: 원재료비(천원) | F52: 노무비(천원) | G52: 경비(천원) | H52: 판매관리비(천원)
B53: 사업목표 | C53: =+INDEX('2025-사업계획-PL'!$O:$AL,68,MATCH($H$1,'2025-사업계획-PL'!$O$1:$AL$1,0)) -> 9.6396199e+09 | D53: =+INDEX('2025-사업계획-MC'!$O:$AL,49,MATCH($H$1,'2025-사업계획-MC'!$O$1:$AL$1,0)) -> 9.6396199e+09 | E53: =+INDEX('2025-사업계획-MC'!$O:$AL,50,MATCH($H$1,'2025-사업계획-MC'!$O$1:$AL$1,0)) -> 6.7680149e+09 | F53: =+INDEX('2025-사업계획-MC'!$O:$AL,55,MATCH($H$1,'2025-사업계획-MC'!$O$1:$AL$1,0)) -> 4.5974199e+08 | G53: =+INDEX('2025-사업계획-MC'!$O:$AL,61,MATCH($H$1,'2025-사업계획-MC'!$O$1:$AL$1,0)) -> 4.9202144e+08 | H53: =+INDEX('2025-사업계획-PL'!$O:$AL,90,MATCH($H$1,'2025-사업계획-PL'!$O$1:$AL$1,0)) -> 1.2101746e+09
B54: 운영목표 | C54: =+INDEX('2025-운영계획 PL'!$O:$AL,68,MATCH($H$1,'2025-운영계획 PL'!$O$1:$AL$1,0)) -> 6.6645902e+09 | D54: =+INDEX('2025-운영계획-MC'!$O:$AL,49,MATCH($H$1,'2025-운영계획-MC'!$O$1:$AL$1,0)) -> 6.7151271e+09 | E54: =+INDEX('2025-운영계획-MC'!$O:$AL,50,MATCH($H$1,'2025-운영계획-MC'!$O$1:$AL$1,0)) -> 4.4170557e+09 | F54: =+INDEX('2025-운영계획-MC'!$O:$AL,55,MATCH($H$1,'2025-운영계획-MC'!$O$1:$AL$1,0)) -> 2.7574481e+08 | G54: =+INDEX('2025-운영계획-MC'!$O:$AL,61,MATCH($H$1,'2025-운영계획-MC'!$O$1:$AL$1,0)) -> 4.4065706e+08 | H54: =+INDEX('2025-운영계획 PL'!$O:$AL,90,MATCH($H$1,'2025-운영계획 PL'!$O$1:$AL$1,0)) -> 8.3135711e+08
B55: 실적 | C55: =+INDEX('2025-실적 PL'!$O:$AL,68,MATCH($H$1,'2025-실적 PL'!$O$1:$AL$1,0)) -> 5.3678543e+09 | D55: =+INDEX('2025-실적-MC'!$O:$AL,49,MATCH($H$1,'2025-실적-MC'!$O$1:$AL$1,0)) -> 4.6134375e+09 | E55: =+INDEX('2025-실적-MC'!$O:$AL,50,MATCH($H$1,'2025-실적-MC'!$O$1:$AL$1,0)) -> 3.094483e+09 | F55: =+INDEX('2025-실적-MC'!$O:$AL,55,MATCH($H$1,'2025-실적-MC'!$O$1:$AL$1,0)) -> 2.1927777e+08 | G55: =+INDEX('2025-실적-MC'!$O:$AL,61,MATCH($H$1,'2025-실적-MC'!$O$1:$AL$1,0)) -> 3.1168016e+08 | H55: =+INDEX('2025-실적 PL'!$O:$AL,90,MATCH($H$1,'2025-실적 PL'!$O$1:$AL$1,0)) -> 6.1391861e+08
B57: =+"4.2. "&H1&"월 사업목표대비 실적 - 비율기준" -> 4.2. 10월 사업목표대비 실적 - 비율기준
B58: 구분 | C58: 달성율(%) | D58: 영업이익(%) | E58: 원재료비(%) | F58: 노무비(%) | G58: 경비(%) | H58: 판매관리비(%)
B59: 사업목표 | D59: =+INDEX('2025-사업계획-PL'!$O:$AL,121,MATCH($H$2,'2025-사업계획-PL'!$O$1:$AL$1,0)) -> 0.073619817 | E59: =+INDEX('2025-사업계획-MC'!$O:$AL,50,MATCH($H$2,'2025-사업계획-MC'!$O$1:$AL$1,0)) -> 0.70210391 | F59: =+INDEX('2025-사업계획-MC'!$O:$AL,55,MATCH($H$2,'2025-사업계획-MC'!$O$1:$AL$1,0)) -> 0.047692958 | G59: =+INDEX('2025-사업계획-MC'!$O:$AL,61,MATCH($H$2,'2025-사업계획-MC'!$O$1:$AL$1,0)) -> 0.05104158 | H59: =+INDEX('2025-사업계획-PL'!$O:$AL,90,MATCH($H$2,'2025-사업계획-PL'!$O$1:$AL$1,0)) -> 0.12554173
B60: 운영목표 | C60: =C54/C53 -> 0.69137479 | D60: =+INDEX('2025-운영계획 PL'!$O:$AL,121,MATCH($H$2,'2025-운영계획 PL'!$O$1:$AL$1,0)) -> 0.10499903 | E60: =+INDEX('2025-운영계획-MC'!$O:$AL,50,MATCH($H$2,'2025-운영계획-MC'!$O$1:$AL$1,0)) -> 0.65777694 | F60: =+INDEX('2025-운영계획-MC'!$O:$AL,55,MATCH($H$2,'2025-운영계획-MC'!$O$1:$AL$1,0)) -> 0.041063231 | G60: =+INDEX('2025-운영계획-MC'!$O:$AL,61,MATCH($H$2,'2025-운영계획-MC'!$O$1:$AL$1,0)) -> 0.065621551 | H60: =+INDEX('2025-운영계획 PL'!$O:$AL,90,MATCH($H$2,'2025-운영계획 PL'!$O$1:$AL$1,0)) -> 0.12474242
B61: 사업목표 대비 | D61: =D60-D59 -> 0.031379216 | E61: =E60-E59 -> -0.044326975 | F61: =F60-F59 -> -0.0066297274 | G61: =G60-G59 -> 0.014579971 | H61: =H60-H59 -> -0.00079931474
B64: <감사실 추가>
B65: =+"26년 "&E1&"월 사업목표 대비 실적 - 비율기준" -> 26년 7월 사업목표 대비 실적 - 비율기준
B66: 구분 | C66: 원재료비(%) | D66: 노무비(%) | E66: 경비(%) | F66: 판매관리비(%)
B67: 사업목표 | C67: =+INDEX('2026-사업계획-MC'!$T:$AQ,50,MATCH($E$2,'2026-사업계획-MC'!$T$1:$AQ$1,0)) -> 0.69269114 | D67: =+INDEX('2026-사업계획-MC'!$T:$AQ,55,MATCH($E$2,'2026-사업계획-MC'!$T$1:$AQ$1,0)) -> 0.04336488 | E67: =+INDEX('2026-사업계획-MC'!$T:$AQ,61,MATCH($E$2,'2026-사업계획-MC'!$T$1:$AQ$1,0)) -> 0.059358755 | F67: =+INDEX('2026-사업계획-PL'!$T:$AQ,90,MATCH($E$2,'2026-사업계획-PL'!$T$1:$AQ$1,0)) -> 0.12159838 | G67: =SUM(C67:E67) -> 0.79541477
B68: 실적 | C68: =+INDEX('2026-실적-MC'!$T:$AQ,50,MATCH($E$2,'2026-실적-MC'!$T$1:$AQ$1,0)) -> 0 | D68: =+INDEX('2026-실적-MC'!$T:$AQ,55,MATCH($E$2,'2026-실적-MC'!$T$1:$AQ$1,0)) -> 0 | E68: =+INDEX('2026-실적-MC'!$T:$AQ,61,MATCH($E$2,'2026-실적-MC'!$T$1:$AQ$1,0)) -> 0 | F68: =+INDEX('2026-실적 PL'!$T:$AQ,90,MATCH($E$2,'2026-실적 PL'!$T$1:$AQ$1,0)) -> 0 | G68: =SUM(C68:E68) -> 0
C69: =C68-C67 -> -0.69269114 | D69: =D68-D67 -> -0.04336488 | E69: =E68-E67 -> -0.059358755 | F69: =F68-F67 -> -0.12159838 | G69: =SUM(C69:E69) -> -0.79541477
B70: 전월 대비
B71: 구분 | C71: 원재료비(%) | D71: 노무비(%) | E71: 경비(%) | F71: 판매관리비(%)
B72: 전월 | C72: =+INDEX('2026-실적-MC'!$T:$AQ,50,MATCH($D$2,'2026-실적-MC'!$T$1:$AQ$1,0)) -> 0 | D72: =+INDEX('2026-실적-MC'!$T:$AQ,55,MATCH($D$2,'2026-실적-MC'!$T$1:$AQ$1,0)) -> 0 | E72: =+INDEX('2026-실적-MC'!$T:$AQ,61,MATCH($D$2,'2026-실적-MC'!$T$1:$AQ$1,0)) -> 0 | F72: =+INDEX('2026-실적 PL'!$T:$AQ,90,MATCH($D$2,'2026-실적 PL'!$T$1:$AQ$1,0)) -> 0 | G72: =SUM(C72:E72) -> 0
B73: 당월 | C73: =+C68 -> 0 | D73: =+D68 -> 0 | E73: =+E68 -> 0 | F73: =+F68 -> 0 | G73: =SUM(C73:E73) -> 0
C74: =C73-C72 -> 0 | D74: =D73-D72 -> 0 | E74: =E73-E72 -> 0 | F74: =F73-F72 -> 0 | G74: =SUM(C74:E74) -> 0
B75: 전년동월 대비
B76: 구분 | C76: 원재료비(%) | D76: 노무비(%) | E76: 경비(%) | F76: 판매관리비(%)
B77: 전년동월 | C77: =+INDEX('2025-실적-MC'!$O:$AL,50,MATCH($E$2,'2025-실적-MC'!$O$1:$AL$1,0)) -> 0.65621379 | D77: =+INDEX('2025-실적-MC'!$O:$AL,55,MATCH($E$2,'2025-실적-MC'!$O$1:$AL$1,0)) -> 0.037793317 | E77: =+INDEX('2025-실적-MC'!$O:$AL,61,MATCH($E$2,'2025-실적-MC'!$O$1:$AL$1,0)) -> 0.047133832 | F77: =+INDEX('2025-실적 PL'!$O:$AL,90,MATCH($E$2,'2025-실적 PL'!$O$1:$AL$1,0)) -> 0.11612246 | G77: =SUM(C77:E77) -> 0.74114094
B78: 당월 | C78: =C73 -> 0 | D78: =D73 -> 0 | E78: =E73 -> 0 | F78: =F73 -> 0 | G78: =SUM(C78:E78) -> 0
C79: =C78-C77 -> -0.65621379 | D79: =D78-D77 -> -0.037793317 | E79: =E78-E77 -> -0.047133832 | F79: =F78-F77 -> -0.11612246 | G79: =SUM(C79:E79) -> -0.74114094
B82: =+"26년 "&E1&"월 사업목표 대비 운영 - 비율기준" -> 26년 7월 사업목표 대비 운영 - 비율기준
B83: 구분 | C83: 원재료비(%) | D83: 노무비(%) | E83: 경비(%) | F83: 판매관리비(%)
B84: 사업목표 | C84: =+INDEX('2026-사업계획-MC'!$T:$AQ,50,MATCH($E$2,'2026-사업계획-MC'!$T$1:$AQ$1,0)) -> 0.69269114 | D84: =+INDEX('2026-사업계획-MC'!$T:$AQ,55,MATCH($E$2,'2026-사업계획-MC'!$T$1:$AQ$1,0)) -> 0.04336488 | E84: =+INDEX('2026-사업계획-MC'!$T:$AQ,61,MATCH($E$2,'2026-사업계획-MC'!$T$1:$AQ$1,0)) -> 0.059358755 | F84: =+INDEX('2026-사업계획-PL'!$T:$AQ,90,MATCH($E$2,'2026-사업계획-PL'!$T$1:$AQ$1,0)) -> 0.12159838 | G84: =SUM(C84:E84) -> 0.79541477
B85: 운영 목표 | C85: =+INDEX('2026-운영계획-MC'!$T:$AQ,50,MATCH($E$2,'2026-운영계획-MC'!$T$1:$AQ$1,0)) -> 0.72000637 | D85: =+INDEX('2026-운영계획-MC'!$T:$AQ,55,MATCH($E$2,'2026-운영계획-MC'!$T$1:$AQ$1,0)) -> 0.047856687 | E85: =+INDEX('2026-운영계획-MC'!$T:$AQ,61,MATCH($E$2,'2026-운영계획-MC'!$T$1:$AQ$1,0)) -> 0.053153002 | F85: =+INDEX('2026-운영계획 PL'!$T:$AQ,90,MATCH($E$2,'2026-운영계획 PL'!$T$1:$AQ$1,0)) -> 0.11272927 | G85: =SUM(C85:E85) -> 0.82101606
C86: =C85-C84 -> 0.027315235 | D86: =D85-D84 -> 0.0044918072 | E86: =E85-E84 -> -0.0062057533 | F86: =F85-F84 -> -0.0088691041 | G86: =SUM(C86:E86) -> 0.025601289
B87: 전월 대비
B88: 구분 | C88: 원재료비(%) | D88: 노무비(%) | E88: 경비(%) | F88: 판매관리비(%)
B89: 운영 전월 | C89: =+INDEX('2026-운영계획-MC'!$T:$AQ,50,MATCH($D$2,'2026-운영계획-MC'!$T$1:$AQ$1,0)) -> 0.69559184 | D89: =+INDEX('2026-운영계획-MC'!$T:$AQ,55,MATCH($D$2,'2026-운영계획-MC'!$T$1:$AQ$1,0)) -> 0.045250074 | E89: =+INDEX('2026-운영계획-MC'!$T:$AQ,61,MATCH($D$2,'2026-운영계획-MC'!$T$1:$AQ$1,0)) -> 0.058399812 | F89: =+INDEX('2026-운영계획 PL'!$T:$AQ,90,MATCH($D$2,'2026-운영계획 PL'!$T$1:$AQ$1,0)) -> 0.12092122 | G89: =SUM(C89:E89) -> 0.79924172
B90: 운영 당월 | C90: =+C85 -> 0.72000637 | D90: =+D85 -> 0.047856687 | E90: =+E85 -> 0.053153002 | F90: =+F85 -> 0.11272927 | G90: =SUM(C90:E90) -> 0.82101606
C91: =C90-C89 -> 0.024414533 | D91: =D90-D89 -> 0.0026066128 | E91: =E90-E89 -> -0.0052468103 | F91: =F90-F89 -> -0.008191947 | G91: =SUM(C91:E91) -> 0.021774335
B92: 전년동월 대비
B93: 구분 | C93: 원재료비(%) | D93: 노무비(%) | E93: 경비(%) | F93: 판매관리비(%)
B94: 운영 전년동월 | C94: =+INDEX('2025-운영계획-MC'!$O:$AL,50,MATCH($E$2,'2025-운영계획-MC'!$O$1:$AL$1,0)) -> 0.68139911 | D94: =+INDEX('2025-운영계획-MC'!$O:$AL,55,MATCH($E$2,'2025-운영계획-MC'!$O$1:$AL$1,0)) -> 0.047348193 | E94: =+INDEX('2025-운영계획-MC'!$O:$AL,61,MATCH($E$2,'2025-운영계획-MC'!$O$1:$AL$1,0)) -> 0.061518876 | F94: =+INDEX('2025-운영계획 PL'!$O:$AL,90,MATCH($E$2,'2025-운영계획 PL'!$O$1:$AL$1,0)) -> 0.132126 | G94: =SUM(C94:E94) -> 0.79026617
B95: 운영 당월 | C95: =C90 -> 0.72000637 | D95: =D90 -> 0.047856687 | E95: =E90 -> 0.053153002 | F95: =F90 -> 0.11272927 | G95: =SUM(C95:E95) -> 0.82101606
C96: =C95-C94 -> 0.038607265 | D96: =D95-D94 -> 0.00050849414 | E96: =E95-E94 -> -0.0083658748 | F96: =F95-F94 -> -0.019396729 | G96: =SUM(C96:E96) -> 0.030749884
B98: =+"26년 "&F1&"월 사업목표 대비 운영 - 비율기준" -> 26년 8월 사업목표 대비 운영 - 비율기준
B99: 구분 | C99: 원재료비(%) | D99: 노무비(%) | E99: 경비(%) | F99: 판매관리비(%)
B100: 사업목표 | C100: =+INDEX('2026-사업계획-MC'!$T:$AQ,50,MATCH($F$2,'2026-사업계획-MC'!$T$1:$AQ$1,0)) -> 0.70497484 | D100: =+INDEX('2026-사업계획-MC'!$T:$AQ,55,MATCH($F$2,'2026-사업계획-MC'!$T$1:$AQ$1,0)) -> 0.043954694 | E100: =+INDEX('2026-사업계획-MC'!$T:$AQ,61,MATCH($F$2,'2026-사업계획-MC'!$T$1:$AQ$1,0)) -> 0.056196296 | F100: =+INDEX('2026-사업계획-PL'!$T:$AQ,90,MATCH($F$2,'2026-사업계획-PL'!$T$1:$AQ$1,0)) -> 0.11928561 | G100: =SUM(C100:E100) -> 0.80512583
B101: 운영 목표 | C101: =+INDEX('2026-운영계획-MC'!$T:$AQ,50,MATCH($F$2,'2026-운영계획-MC'!$T$1:$AQ$1,0)) -> 0.75404291 | D101: =+INDEX('2026-운영계획-MC'!$T:$AQ,55,MATCH($F$2,'2026-운영계획-MC'!$T$1:$AQ$1,0)) -> 0.048932731 | E101: =+INDEX('2026-운영계획-MC'!$T:$AQ,61,MATCH($F$2,'2026-운영계획-MC'!$T$1:$AQ$1,0)) -> 0.055819148 | F101: =+INDEX('2026-운영계획 PL'!$T:$AQ,90,MATCH($F$2,'2026-운영계획 PL'!$T$1:$AQ$1,0)) -> 0.11648953 | G101: =SUM(C101:E101) -> 0.85879479
C102: =C101-C100 -> 0.049068076 | D102: =D101-D100 -> 0.0049780366 | E102: =E101-E100 -> -0.00037714796 | F102: =F101-F100 -> -0.0027960842 | G102: =SUM(C102:E102) -> 0.053668964
B103: 전월 대비
B104: 구분 | C104: 원재료비(%) | D104: 노무비(%) | E104: 경비(%) | F104: 판매관리비(%)
B105: 운영 전월 | C105: =+INDEX('2026-운영계획-MC'!$T:$AQ,50,MATCH($E$2,'2026-운영계획-MC'!$T$1:$AQ$1,0)) -> 0.72000637 | D105: =+INDEX('2026-운영계획-MC'!$T:$AQ,55,MATCH($E$2,'2026-운영계획-MC'!$T$1:$AQ$1,0)) -> 0.047856687 | E105: =+INDEX('2026-운영계획-MC'!$T:$AQ,61,MATCH($E$2,'2026-운영계획-MC'!$T$1:$AQ$1,0)) -> 0.053153002 | F105: =+INDEX('2026-운영계획 PL'!$T:$AQ,90,MATCH($E$2,'2026-운영계획 PL'!$T$1:$AQ$1,0)) -> 0.11272927 | G105: =SUM(C105:E105) -> 0.82101606
B106: 운영 당월 | C106: =+C101 -> 0.75404291 | D106: =+D101 -> 0.048932731 | E106: =+E101 -> 0.055819148 | F106: =+F101 -> 0.11648953 | G106: =SUM(C106:E106) -> 0.85879479
C107: =C106-C105 -> 0.034036543 | D107: =D106-D105 -> 0.0010760443 | E107: =E106-E105 -> 0.0026661468 | F107: =F106-F105 -> 0.0037602525 | G107: =SUM(C107:E107) -> 0.037778734
B108: 전년동월 대비
B109: 구분 | C109: 원재료비(%) | D109: 노무비(%) | E109: 경비(%) | F109: 판매관리비(%)
...

Sheet 실적-PL 2026
B1: =+J1&"월 목표vs실적- 베트남" -> 7월 목표vs실적- 베트남 | I1: 월 | J1: 7
I2: 전월 | J2: =+IF(J1-1=0,12,J1-1) -> 6
B3: 손익계산서(현지통화) | M3: (단위: VND )
B4: 계정과목 | C4: 전년동월 | E4: 전월 | G4: 사업목표 | I4: 운영목표 | K4: 실적 | M4: 달성율 | P4: 차이
P5: 사업목표 VS 실적 | R5: 운영목표 VS 실적 | T5: 요약 내용
C6: 금액 | D6: 비율 | E6: 금액 | F6: 비율 | G6: 금액 | H6: 비율 | I6: 금액 | J6: 비율 | K6: 금액 | L6: 비율 | M6: 사업목표 대비 | N6: 운영목표 대비 | P6: 금액 | Q6: 비율 | R6: 금액 | S6: 비율
B7: Ⅰ. 매출액 | C7: =+INDEX(#REF!,ROW('실적-PL 2026'!$B7),MATCH('실적-PL 2026'!$J$1,#REF!,0)) -> #REF! | D7: =+D8+D11+D15 -> #REF! | E7: =+INDEX('2026-실적 PL'!$T:$AQ,ROW($B7),MATCH($J$2,'2026-실적 PL'!$T$1:$AQ$1,0)) -> 0 | F7: =+IFERROR(F8+F11,0) -> 0 | G7: =+INDEX('2026-사업계획-PL'!$T:$AQ,ROW($B7),MATCH($J$1,'2026-사업계획-PL'!$T$1:$AQ$1,0)) -> 1.5849619e+11 | H7: =+H8+H11+H15 -> 1 | I7: =+INDEX('2026-운영계획 PL'!$T:$AQ,ROW($B7),MATCH($J$1,'2026-운영계획 PL'!$T$1:$AQ$1,0)) -> 2.0533284e+11 | J7: 1 | K7: =+INDEX('2026-실적 PL'!$O:$AL,ROW($B7),MATCH($J$1,'2026-실적 PL'!$O$1:$AL$1,0)) -> 0 | L7: =+IFERROR(K7/$K$7,0) -> 0 | M7: =IF(G7=0,"",K7/G7) -> 0 | N7: =IF(I7=0,"",K7/I7) -> 0 | P7: =K7-G7 -> -1.5849619e+11 | Q7: =L7-H7 -> -1 | R7: =K7-I7 -> -2.0533284e+11 | S7: =L7-J7 -> -1
B8: 01.제품매출 | C8: =+INDEX(#REF!,ROW('실적-PL 2026'!$B8),MATCH('실적-PL 2026'!$J$1,#REF!,0)) -> #REF! | D8: =+D9+D10 -> #REF! | E8: =+INDEX('2026-실적 PL'!$T:$AQ,ROW($B8),MATCH($J$2,'2026-실적 PL'!$T$1:$AQ$1,0)) -> 0 | F8: =+F9+F10 -> 0 | G8: =+INDEX('2026-사업계획-PL'!$T:$AQ,ROW($B8),MATCH($J$1,'2026-사업계획-PL'!$T$1:$AQ$1,0)) -> 1.5849619e+11 | H8: =+H9+H10 -> 1 | I8: =+INDEX('2026-운영계획 PL'!$T:$AQ,ROW($B8),MATCH($J$1,'2026-운영계획 PL'!$T$1:$AQ$1,0)) -> 2.0533284e+11 | J8: =+J9+J10 -> 1 | K8: =+INDEX('2026-실적 PL'!$O:$AL,ROW($B8),MATCH($J$1,'2026-실적 PL'!$O$1:$AL$1,0)) -> 0 | L8: =+IFERROR(K8/$K$7,0) -> 0 | M8: =IF(G8=0,"",K8/G8) -> 0 | N8: =IF(I8=0,"",K8/I8) -> 0 | P8: =K8-G8 -> -1.5849619e+11 | Q8: =L8-H8 -> -1 | R8: =K8-I8 -> -2.0533284e+11 | S8: =L8-J8 -> -1
B9: (1) 국내매출 | C9: =+INDEX(#REF!,ROW('실적-PL 2026'!$B9),MATCH('실적-PL 2026'!$J$1,#REF!,0)) -> #REF! | D9: =+C9/C7 -> #REF! | E9: =+INDEX('2026-실적 PL'!$T:$AQ,ROW($B9),MATCH($J$2,'2026-실적 PL'!$T$1:$AQ$1,0)) -> 0 | F9: =+IFERROR(E9/$E$7,0) -> 0 | G9: =+INDEX('2026-사업계획-PL'!$T:$AQ,ROW($B9),MATCH($J$1,'2026-사업계획-PL'!$T$1:$AQ$1,0)) -> 1.8534935e+09 | H9: =+G9/G7 -> 0.011694246 | I9: =+INDEX('2026-운영계획 PL'!$T:$AQ,ROW($B9),MATCH($J$1,'2026-운영계획 PL'!$T$1:$AQ$1,0)) -> 2.983303e+09 | J9: =+I9/I7 -> 0.014529108 | K9: =+INDEX('2026-실적 PL'!$O:$AL,ROW($B9),MATCH($J$1,'2026-실적 PL'!$O$1:$AL$1,0)) -> 0 | L9: =+IFERROR(K9/$K$7,0) -> 0 | M9: =IF(G9=0,"",K9/G9) -> 0 | N9: =IF(I9=0,"",K9/I9) -> 0 | P9: =K9-G9 -> -1.8534935e+09 | Q9: =L9-H9 -> -0.011694246 | R9: =K9-I9 -> -2.983303e+09 | S9: =L9-J9 -> -0.014529108
B10: (2) 국외매출 (CBU) | C10: =+INDEX(#REF!,ROW('실적-PL 2026'!$B10),MATCH('실적-PL 2026'!$J$1,#REF!,0)) -> #REF! | D10: =+C10/C7 -> #REF! | E10: =+INDEX('2026-실적 PL'!$T:$AQ,ROW($B10),MATCH($J$2,'2026-실적 PL'!$T$1:$AQ$1,0)) -> 0 | F10: =+IFERROR(E10/$E$7,0) -> 0 | G10: =+INDEX('2026-사업계획-PL'!$T:$AQ,ROW($B10),MATCH($J$1,'2026-사업계획-PL'!$T$1:$AQ$1,0)) -> 1.566427e+11 | H10: =+G10/G7 -> 0.98830575 | I10: =+INDEX('2026-운영계획 PL'!$T:$AQ,ROW($B10),MATCH($J$1,'2026-운영계획 PL'!$T$1:$AQ$1,0)) -> 2.0234954e+11 | J10: =+I10/I7 -> 0.98547089 | K10: =+INDEX('2026-실적 PL'!$O:$AL,ROW($B10),MATCH($J$1,'2026-실적 PL'!$O$1:$AL$1,0)) -> 0 | L10: =+IFERROR(K10/$K$7,0) -> 0 | M10: =IF(G10=0,"",K10/G10) -> 0 | N10: =IF(I10=0,"",K10/I10) -> 0 | P10: =K10-G10 -> -1.566427e+11 | Q10: =L10-H10 -> -0.98830575 | R10: =K10-I10 -> -2.0234954e+11 | S10: =L10-J10 -> -0.98547089
B11: 02.상품매출 | C11: =+INDEX(#REF!,ROW('실적-PL 2026'!$B11),MATCH('실적-PL 2026'!$J$1,#REF!,0)) -> #REF! | D11: =IF($G$7=0,"",C11/$G$7) -> #REF! | E11: =+INDEX('2026-실적 PL'!$T:$AQ,ROW($B11),MATCH($J$2,'2026-실적 PL'!$T$1:$AQ$1,0)) -> 0 | F11: =+IFERROR(E11/$E$7,0) -> 0 | G11: =+INDEX('2026-사업계획-PL'!$T:$AQ,ROW($B11),MATCH($J$1,'2026-사업계획-PL'!$T$1:$AQ$1,0)) -> 0 | H11: =IF($G$7=0,"",G11/$G$7) -> 0 | I11: =+INDEX('2026-운영계획 PL'!$T:$AQ,ROW($B11),MATCH($J$1,'2026-운영계획 PL'!$T$1:$AQ$1,0)) -> 0 | J11: =IF($I$7=0,"",I11/$I$7) -> 0 | K11: =+INDEX('2026-실적 PL'!$O:$AL,ROW($B11),MATCH($J$1,'2026-실적 PL'!$O$1:$AL$1,0)) -> 0 | L11: =+IFERROR(K11/$K$7,0) -> 0 | M11: =IF(G11=0,"",K11/G11) | N11: =IF(I11=0,"",K11/I11) | P11: =K11-G11 -> 0 | Q11: =L11-H11 -> 0 | R11: =K11-I11 -> 0 | S11: =L11-J11 -> 0
B12: (1) 국내매출-통합구매-NET | C12: =+INDEX(#REF!,ROW('실적-PL 2026'!$B12),MATCH('실적-PL 2026'!$J$1,#REF!,0)) -> #REF! | D12: =IF($G$7=0,"",C12/$G$7) -> #REF! | E12: =+INDEX('2026-실적 PL'!$T:$AQ,ROW($B12),MATCH($J$2,'2026-실적 PL'!$T$1:$AQ$1,0)) -> 0 | F12: =+IFERROR(E12/$E$7,0) -> 0 | G12: =+INDEX('2026-사업계획-PL'!$T:$AQ,ROW($B12),MATCH($J$1,'2026-사업계획-PL'!$T$1:$AQ$1,0)) -> 0 | H12: =IF($G$7=0,"",G12/$G$7) -> 0 | I12: =+INDEX('2026-운영계획 PL'!$T:$AQ,ROW($B12),MATCH($J$1,'2026-운영계획 PL'!$T$1:$AQ$1,0)) -> 0 | J12: =IF($I$7=0,"",I12/$I$7) -> 0 | K12: =+INDEX('2026-실적 PL'!$O:$AL,ROW($B12),MATCH($J$1,'2026-실적 PL'!$O$1:$AL$1,0)) -> 0 | L12: =+IFERROR(K12/$K$7,0) -> 0 | M12: =IF(G12=0,"",K12/G12) | N12: =IF(I12=0,"",K12/I12) | P12: =K12-G12 -> 0 | Q12: =L12-H12 -> 0 | R12: =K12-I12 -> 0 | S12: =L12-J12 -> 0
B13: 국내매출-통합구매-GROSS | C13: =+INDEX(#REF!,ROW('실적-PL 2026'!$B13),MATCH('실적-PL 2026'!$J$1,#REF!,0)) -> #REF! | D13: =IF($G$7=0,"",C13/$G$7) -> #REF! | E13: =+INDEX('2026-실적 PL'!$T:$AQ,ROW($B13),MATCH($J$2,'2026-실적 PL'!$T$1:$AQ$1,0)) -> 0 | F13: =+IFERROR(E13/$E$7,0) -> 0 | G13: =+INDEX('2026-사업계획-PL'!$T:$AQ,ROW($B13),MATCH($J$1,'2026-사업계획-PL'!$T$1:$AQ$1,0)) -> 0 | H13: =IF($G$7=0,"",G13/$G$7) -> 0 | I13: =+INDEX('2026-운영계획 PL'!$T:$AQ,ROW($B13),MATCH($J$1,'2026-운영계획 PL'!$T$1:$AQ$1,0)) -> 0 | J13: =IF($I$7=0,"",I13/$I$7) -> 0 | K13: =+INDEX('2026-실적 PL'!$O:$AL,ROW($B13),MATCH($J$1,'2026-실적 PL'!$O$1:$AL$1,0)) -> 0 | L13: =+IFERROR(K13/$K$7,0) -> 0 | M13: =IF(G13=0,"",K13/G13) | N13: =IF(I13=0,"",K13/I13) | P13: =K13-G13 -> 0 | Q13: =L13-H13 -> 0 | R13: =K13-I13 -> 0 | S13: =L13-J13 -> 0
B14: (2) 국외매출 (CKD) | C14: =+INDEX(#REF!,ROW('실적-PL 2026'!$B14),MATCH('실적-PL 2026'!$J$1,#REF!,0)) -> #REF! | D14: =IF($G$7=0,"",C14/$G$7) -> #REF! | E14: =+INDEX('2026-실적 PL'!$T:$AQ,ROW($B14),MATCH($J$2,'2026-실적 PL'!$T$1:$AQ$1,0)) -> 0 | F14: =+IFERROR(E14/$E$7,0) -> 0 | G14: =+INDEX('2026-사업계획-PL'!$T:$AQ,ROW($B14),MATCH($J$1,'2026-사업계획-PL'!$T$1:$AQ$1,0)) -> 0 | H14: =IF($G$7=0,"",G14/$G$7) -> 0 | I14: =+INDEX('2026-운영계획 PL'!$T:$AQ,ROW($B14),MATCH($J$1,'2026-운영계획 PL'!$T$1:$AQ$1,0)) -> 0 | J14: =IF($I$7=0,"",I14/$I$7) -> 0 | K14: =+INDEX('2026-실적 PL'!$O:$AL,ROW($B14),MATCH($J$1,'2026-실적 PL'!$O$1:$AL$1,0)) -> 0 | L14: =+IFERROR(K14/$K$7,0) -> 0 | M14: =IF(G14=0,"",K14/G14) | N14: =IF(I14=0,"",K14/I14) | P14: =K14-G14 -> 0 | Q14: =L14-H14 -> 0 | R14: =K14-I14 -> 0 | S14: =L14-J14 -> 0
B15: 03.수불무관매출 | C15: =+INDEX(#REF!,ROW('실적-PL 2026'!$B15),MATCH('실적-PL 2026'!$J$1,#REF!,0)) -> #REF! | D15: =IF($G$7=0,"",C15/$G$7) -> #REF! | E15: =+INDEX('2026-실적 PL'!$T:$AQ,ROW($B15),MATCH($J$2,'2026-실적 PL'!$T$1:$AQ$1,0)) -> 0 | F15: =+IFERROR(E15/$E$7,0) -> 0 | G15: =+INDEX('2026-사업계획-PL'!$T:$AQ,ROW($B15),MATCH($J$1,'2026-사업계획-PL'!$T$1:$AQ$1,0)) -> 0 | H15: =IF($G$7=0,"",G15/$G$7) -> 0 | I15: =+INDEX('2026-운영계획 PL'!$T:$AQ,ROW($B15),MATCH($J$1,'2026-운영계획 PL'!$T$1:$AQ$1,0)) -> 0 | J15: =IF($I$7=0,"",I15/$I$7) -> 0 | K15: =+INDEX('2026-실적 PL'!$O:$AL,ROW($B15),MATCH($J$1,'2026-실적 PL'!$O$1:$AL$1,0)) -> 0 | L15: =+IFERROR(K15/$K$7,0) -> 0 | M15: =IF(G15=0,"",K15/G15) | N15: =IF(I15=0,"",K15/I15) | P15: =K15-G15 -> 0 | Q15: =L15-H15 -> 0 | R15: =K15-I15 -> 0 | S15: =L15-J15 -> 0
B16: Ⅱ. 매출원가 | C16: =+INDEX(#REF!,ROW('실적-PL 2026'!$B16),MATCH('실적-PL 2026'!$J$1,#REF!,0)) -> #REF! | D16: =IF($G$7=0,"",C16/$G$7) -> #REF! | E16: =+INDEX('2026-실적 PL'!$T:$AQ,ROW($B16),MATCH($J$2,'2026-실적 PL'!$T$1:$AQ$1,0)) -> 0 | F16: =+IFERROR(E16/$E$7,0) -> 0 | G16: =+INDEX('2026-사업계획-PL'!$T:$AQ,ROW($B16),MATCH($J$1,'2026-사업계획-PL'!$T$1:$AQ$1,0)) -> 1.2607021e+11 | H16: =IF($G$7=0,"",G16/$G$7) -> 0.79541477 | I16: =+INDEX('2026-운영계획 PL'!$T:$AQ,ROW($B16),MATCH($J$1,'2026-운영계획 PL'!$T$1:$AQ$1,0)) -> 1.5881844e+11 | J16: =IF($I$7=0,"",I16/$I$7) -> 0.77346827 | K16: =+INDEX('2026-실적 PL'!$O:$AL,ROW($B16),MATCH($J$1,'2026-실적 PL'!$O$1:$AL$1,0)) -> 0 | L16: =+IFERROR(K16/$K$7,0) -> 0 | M16: =IF(G16=0,"",K16/G16) -> 0 | N16: =IF(I16=0,"",K16/I16) -> 0 | P16: =K16-G16 -> -1.2607021e+11 | Q16: =L16-H16 -> -0.79541477 | R16: =K16-I16 -> -1.5881844e+11 | S16: =L16-J16 -> -0.77346827
B17: 01. 제품매출원가 | C17: =+INDEX(#REF!,ROW('실적-PL 2026'!$B17),MATCH('실적-PL 2026'!$J$1,#REF!,0)) -> #REF! | D17: =IF($G$7=0,"",C17/$G$7) -> #REF! | E17: =+INDEX('2026-실적 PL'!$T:$AQ,ROW($B17),MATCH($J$2,'2026-실적 PL'!$T$1:$AQ$1,0)) -> 0 | F17: =+IFERROR(E17/$E$7,0) -> 0 | G17: =+INDEX('2026-사업계획-PL'!$T:$AQ,ROW($B17),MATCH($J$1,'2026-사업계획-PL'!$T$1:$AQ$1,0)) -> 1.2607021e+11 | H17: =IF($G$7=0,"",G17/$G$7) -> 0.79541477 | I17: =+INDEX('2026-운영계획 PL'!$T:$AQ,ROW($B17),MATCH($J$1,'2026-운영계획 PL'!$T$1:$AQ$1,0)) -> 1.5881844e+11 | J17: =IF($I$7=0,"",I17/$I$7) -> 0.77346827 | K17: =+INDEX('2026-실적 PL'!$O:$AL,ROW($B17),MATCH($J$1,'2026-실적 PL'!$O$1:$AL$1,0)) -> 0 | L17: =+IFERROR(K17/$K$7,0) -> 0 | M17: =IF(G17=0,"",K17/G17) -> 0 | N17: =IF(I17=0,"",K17/I17) -> 0 | P17: =K17-G17 -> -1.2607021e+11 | Q17: =L17-H17 -> -0.79541477 | R17: =K17-I17 -> -1.5881844e+11 | S17: =L17-J17 -> -0.77346827
B18: 기초제품재고액 | C18: =+INDEX(#REF!,ROW('실적-PL 2026'!$B18),MATCH('실적-PL 2026'!$J$1,#REF!,0)) -> #REF! | D18: =IF($G$7=0,"",C18/$G$7) -> #REF! | E18: =+INDEX('2026-실적 PL'!$T:$AQ,ROW($B18),MATCH($J$2,'2026-실적 PL'!$T$1:$AQ$1,0)) -> 0 | F18: =+IFERROR(E18/$E$7,0) -> 0 | G18: =+INDEX('2026-사업계획-PL'!$T:$AQ,ROW($B18),MATCH($J$1,'2026-사업계획-PL'!$T$1:$AQ$1,0)) -> 0 | H18: =IF($G$7=0,"",G18/$G$7) -> 0 | I18: =+INDEX('2026-운영계획 PL'!$T:$AQ,ROW($B18),MATCH($J$1,'2026-운영계획 PL'!$T$1:$AQ$1,0)) -> 0 | J18: =IF($I$7=0,"",I18/$I$7) -> 0 | K18: =+INDEX('2026-실적 PL'!$O:$AL,ROW($B18),MATCH($J$1,'2026-실적 PL'!$O$1:$AL$1,0)) -> 0 | L18: =+IFERROR(K18/$K$7,0) -> 0 | P18: =K18-G18 -> 0 | Q18: =L18-H18 -> 0 | R18: =K18-I18 -> 0 | S18: =L18-J18 -> 0
B19: 당기제품제조원가 | C19: =+INDEX(#REF!,ROW('실적-PL 2026'!$B19),MATCH('실적-PL 2026'!$J$1,#REF!,0)) -> #REF! | D19: =IF($G$7=0,"",C19/$G$7) -> #REF! | E19: =+INDEX('2026-실적 PL'!$T:$AQ,ROW($B19),MATCH($J$2,'2026-실적 PL'!$T$1:$AQ$1,0)) -> 0 | F19: =+IFERROR(E19/$E$7,0) -> 0 | G19: =+INDEX('2026-사업계획-PL'!$T:$AQ,ROW($B19),MATCH($J$1,'2026-사업계획-PL'!$T$1:$AQ$1,0)) -> 1.2607021e+11 | H19: =IF($G$7=0,"",G19/$G$7) -> 0.79541477 | I19: =+INDEX('2026-운영계획 PL'!$T:$AQ,ROW($B19),MATCH($J$1,'2026-운영계획 PL'!$T$1:$AQ$1,0)) -> 1.5881844e+11 | J19: =IF($I$7=0,"",I19/$I$7) -> 0.77346827 | K19: =+INDEX('2026-실적 PL'!$O:$AL,ROW($B19),MATCH($J$1,'2026-실적 PL'!$O$1:$AL$1,0)) -> 0 | L19: =+IFERROR(K19/$K$7,0) -> 0 | P19: =K19-G19 -> -1.2607021e+11 | Q19: =L19-H19 -> -0.79541477 | R19: =K19-I19 -> -1.5881844e+11 | S19: =L19-J19 -> -0.77346827
B20: 기말제품재고액 | C20: =+INDEX(#REF!,ROW('실적-PL 2026'!$B20),MATCH('실적-PL 2026'!$J$1,#REF!,0)) -> #REF! | D20: =IF($G$7=0,"",C20/$G$7) -> #REF! | E20: =+INDEX('2026-실적 PL'!$T:$AQ,ROW($B20),MATCH($J$2,'2026-실적 PL'!$T$1:$AQ$1,0)) -> 0 | F20: =+IFERROR(E20/$E$7,0) -> 0 | G20: =+INDEX('2026-사업계획-PL'!$T:$AQ,ROW($B20),MATCH($J$1,'2026-사업계획-PL'!$T$1:$AQ$1,0)) -> 0 | H20: =IF($G$7=0,"",G20/$G$7) -> 0 | I20: =+INDEX('2026-운영계획 PL'!$T:$AQ,ROW($B20),MATCH($J$1,'2026-운영계획 PL'!$T$1:$AQ$1,0)) -> 0 | J20: =IF($I$7=0,"",I20/$I$7) -> 0 | K20: =+INDEX('2026-실적 PL'!$O:$AL,ROW($B20),MATCH($J$1,'2026-실적 PL'!$O$1:$AL$1,0)) -> 0 | L20: =+IFERROR(K20/$K$7,0) -> 0 | P20: =K20-G20 -> 0 | Q20: =L20-H20 -> 0 | R20: =K20-I20 -> 0 | S20: =L20-J20 -> 0
B21: 02. 상품매출원가 | C21: =+INDEX(#REF!,ROW('실적-PL 2026'!$B21),MATCH('실적-PL 2026'!$J$1,#REF!,0)) -> #REF! | D21: =IF($G$7=0,"",C21/$G$7) -> #REF! | E21: =+INDEX('2026-실적 PL'!$T:$AQ,ROW($B21),MATCH($J$2,'2026-실적 PL'!$T$1:$AQ$1,0)) -> 0 | F21: =+IFERROR(E21/$E$7,0) -> 0 | G21: =+INDEX('2026-사업계획-PL'!$T:$AQ,ROW($B21),MATCH($J$1,'2026-사업계획-PL'!$T$1:$AQ$1,0)) -> 0 | H21: =IF($G$7=0,"",G21/$G$7) -> 0 | I21: =+INDEX('2026-운영계획 PL'!$T:$AQ,ROW($B21),MATCH($J$1,'2026-운영계획 PL'!$T$1:$AQ$1,0)) -> 0 | J21: =IF($I$7=0,"",I21/$I$7) -> 0 | K21: =+INDEX('2026-실적 PL'!$O:$AL,ROW($B21),MATCH($J$1,'2026-실적 PL'!$O$1:$AL$1,0)) -> 0 | L21: =+IFERROR(K21/$K$7,0) -> 0 | M21: =IF(G21=0,"",K21/G21) | N21: =IF(I21=0,"",K21/I21) | P21: =K21-G21 -> 0 | Q21: =L21-H21 -> 0 | R21: =K21-I21 -> 0 | S21: =L21-J21 -> 0
B22: (1) 국내매출원가-NET | C22: =+INDEX(#REF!,ROW('실적-PL 2026'!$B22),MATCH('실적-PL 2026'!$J$1,#REF!,0)) -> #REF! | D22: =IF($G$7=0,"",C22/$G$7) -> #REF! | E22: =+INDEX('2026-실적 PL'!$T:$AQ,ROW($B22),MATCH($J$2,'2026-실적 PL'!$T$1:$AQ$1,0)) -> 0 | F22: =+IFERROR(E22/$E$7,0) -> 0 | G22: =+INDEX('2026-사업계획-PL'!$T:$AQ,ROW($B22),MATCH($J$1,'2026-사업계획-PL'!$T$1:$AQ$1,0)) -> 0 | H22: =IF($G$7=0,"",G22/$G$7) -> 0 | I22: =+INDEX('2026-운영계획 PL'!$T:$AQ,ROW($B22),MATCH($J$1,'2026-운영계획 PL'!$T$1:$AQ$1,0)) -> 0 | J22: =IF($I$7=0,"",I22/$I$7) -> 0 | K22: =+INDEX('2026-실적 PL'!$O:$AL,ROW($B22),MATCH($J$1,'2026-실적 PL'!$O$1:$AL$1,0)) -> 0 | L22: =+IFERROR(K22/$K$7,0) -> 0 | P22: =K22-G22 -> 0 | Q22: =L22-H22 -> 0 | R22: =K22-I22 -> 0 | S22: =L22-J22 -> 0
B23: 국내매출원가-GROSS | C23: =+INDEX(#REF!,ROW('실적-PL 2026'!$B23),MATCH('실적-PL 2026'!$J$1,#REF!,0)) -> #REF! | D23: =IF($G$7=0,"",C23/$G$7) -> #REF! | E23: =+INDEX('2026-실적 PL'!$T:$AQ,ROW($B23),MATCH($J$2,'2026-실적 PL'!$T$1:$AQ$1,0)) -> 0 | F23: =+IFERROR(E23/$E$7,0) -> 0 | G23: =+INDEX('2026-사업계획-PL'!$T:$AQ,ROW($B23),MATCH($J$1,'2026-사업계획-PL'!$T$1:$AQ$1,0)) -> 0 | H23: =IF($G$7=0,"",G23/$G$7) -> 0 | I23: =+INDEX('2026-운영계획 PL'!$T:$AQ,ROW($B23),MATCH($J$1,'2026-운영계획 PL'!$T$1:$AQ$1,0)) -> 0 | J23: =IF($I$7=0,"",I23/$I$7) -> 0 | K23: =+INDEX('2026-실적 PL'!$O:$AL,ROW($B23),MATCH($J$1,'2026-실적 PL'!$O$1:$AL$1,0)) -> 0 | L23: =+IFERROR(K23/$K$7,0) -> 0 | M23: =IF(G23=0,"",K23/G23) | N23: =IF(I23=0,"",K23/I23) | P23: =K23-G23 -> 0 | Q23: =L23-H23 -> 0 | R23: =K23-I23 -> 0 | S23: =L23-J23 -> 0
B24: 기초상품재고액 | C24: =+INDEX(#REF!,ROW('실적-PL 2026'!$B24),MATCH('실적-PL 2026'!$J$1,#REF!,0)) -> #REF! | E24: =+INDEX('2026-실적 PL'!$T:$AQ,ROW($B24),MATCH($J$2,'2026-실적 PL'!$T$1:$AQ$1,0)) -> 0 | F24: =+IFERROR(E24/$E$7,0) -> 0 | G24: =+INDEX('2026-사업계획-PL'!$T:$AQ,ROW($B24),MATCH($J$1,'2026-사업계획-PL'!$T$1:$AQ$1,0)) -> 0 | I24: =+INDEX('2026-운영계획 PL'!$T:$AQ,ROW($B24),MATCH($J$1,'2026-운영계획 PL'!$T$1:$AQ$1,0)) -> 0 | K24: =+INDEX('2026-실적 PL'!$O:$AL,ROW($B24),MATCH($J$1,'2026-실적 PL'!$O$1:$AL$1,0)) -> 0 | L24: =+IFERROR(K24/$K$7,0) -> 0 | M24: =IF(G24=0,"",K24/G24) | P24: =K24-G24 -> 0 | Q24: =L24-H24 -> 0 | R24: =K24-I24 -> 0 | S24: =L24-J24 -> 0
B25: 당기상품매입액 | C25: =+INDEX(#REF!,ROW('실적-PL 2026'!$B25),MATCH('실적-PL 2026'!$J$1,#REF!,0)) -> #REF! | E25: =+INDEX('2026-실적 PL'!$T:$AQ,ROW($B25),MATCH($J$2,'2026-실적 PL'!$T$1:$AQ$1,0)) -> 0 | F25: =+IFERROR(E25/$E$7,0) -> 0 | G25: =+INDEX('2026-사업계획-PL'!$T:$AQ,ROW($B25),MATCH($J$1,'2026-사업계획-PL'!$T$1:$AQ$1,0)) -> 0 | I25: =+INDEX('2026-운영계획 PL'!$T:$AQ,ROW($B25),MATCH($J$1,'2026-운영계획 PL'!$T$1:$AQ$1,0)) -> 0 | K25: =+INDEX('2026-실적 PL'!$O:$AL,ROW($B25),MATCH($J$1,'2026-실적 PL'!$O$1:$AL$1,0)) -> 0 | L25: =+IFERROR(K25/$K$7,0) -> 0 | M25: =IF(G25=0,"",K25/G25) | P25: =K25-G25 -> 0 | Q25: =L25-H25 -> 0 | R25: =K25-I25 -> 0 | S25: =L25-J25 -> 0
B26: 기말상품재고액 | C26: =+INDEX(#REF!,ROW('실적-PL 2026'!$B26),MATCH('실적-PL 2026'!$J$1,#REF!,0)) -> #REF! | E26: =+INDEX('2026-실적 PL'!$T:$AQ,ROW($B26),MATCH($J$2,'2026-실적 PL'!$T$1:$AQ$1,0)) -> 0 | F26: =+IFERROR(E26/$E$7,0) -> 0 | G26: =+INDEX('2026-사업계획-PL'!$T:$AQ,ROW($B26),MATCH($J$1,'2026-사업계획-PL'!$T$1:$AQ$1,0)) -> 0 | I26: =+INDEX('2026-운영계획 PL'!$T:$AQ,ROW($B26),MATCH($J$1,'2026-운영계획 PL'!$T$1:$AQ$1,0)) -> 0 | K26: =+INDEX('2026-실적 PL'!$O:$AL,ROW($B26),MATCH($J$1,'2026-실적 PL'!$O$1:$AL$1,0)) -> 0 | L26: =+IFERROR(K26/$K$7,0) -> 0 | M26: =IF(G26=0,"",K26/G26) | P26: =K26-G26 -> 0 | Q26: =L26-H26 -> 0 | R26: =K26-I26 -> 0 | S26: =L26-J26 -> 0
B27: (2) 국외매출원가 - CKD | C27: =+INDEX(#REF!,ROW('실적-PL 2026'!$B27),MATCH('실적-PL 2026'!$J$1,#REF!,0)) -> #REF! | D27: =IF($G$7=0,"",C27/$G$7) -> #REF! | E27: =+INDEX('2026-실적 PL'!$T:$AQ,ROW($B27),MATCH($J$2,'2026-실적 PL'!$T$1:$AQ$1,0)) -> 0 | F27: =+IFERROR(E27/$E$7,0) -> 0 | G27: =+INDEX('2026-사업계획-PL'!$T:$AQ,ROW($B27),MATCH($J$1,'2026-사업계획-PL'!$T$1:$AQ$1,0)) -> 0 | H27: =IF($G$7=0,"",G27/$G$7) -> 0 | I27: =+INDEX('2026-운영계획 PL'!$T:$AQ,ROW($B27),MATCH($J$1,'2026-운영계획 PL'!$T$1:$AQ$1,0)) -> 0 | J27: =IF($I$7=0,"",I27/$I$7) -> 0 | K27: =+INDEX('2026-실적 PL'!$O:$AL,ROW($B27),MATCH($J$1,'2026-실적 PL'!$O$1:$AL$1,0)) -> 0 | L27: =+IFERROR(K27/$K$7,0) -> 0 | M27: =IF(G27=0,"",K27/G27) | N27: =IF(I27=0,"",K27/I27) | P27: =K27-G27 -> 0 | Q27: =L27-H27 -> 0 | R27: =K27-I27 -> 0 | S27: =L27-J27 -> 0
B28: Ⅲ. 매출총이익 | C28: =+INDEX(#REF!,ROW('실적-PL 2026'!$B28),MATCH('실적-PL 2026'!$J$1,#REF!,0)) -> #REF! | D28: =IF($G$7=0,"",C28/$G$7) -> #REF! | E28: =+INDEX('2026-실적 PL'!$T:$AQ,ROW($B28),MATCH($J$2,'2026-실적 PL'!$T$1:$AQ$1,0)) -> 0 | F28: =+IFERROR(E28/$E$7,0) -> 0 | G28: =+INDEX('2026-사업계획-PL'!$T:$AQ,ROW($B28),MATCH($J$1,'2026-사업계획-PL'!$T$1:$AQ$1,0)) -> 3.242598e+10 | H28: =IF($G$7=0,"",G28/$G$7) -> 0.20458523 | I28: =+INDEX('2026-운영계획 PL'!$T:$AQ,ROW($B28),MATCH($J$1,'2026-운영계획 PL'!$T$1:$AQ$1,0)) -> 4.6514404e+10 | J28: =IF($I$7=0,"",I28/$I$7) -> 0.22653173 | K28: =+INDEX('2026-실적 PL'!$O:$AL,ROW($B28),MATCH($J$1,'2026-실적 PL'!$O$1:$AL$1,0)) -> 0 | L28: =+IFERROR(K28/$K$7,0) -> 0 | M28: =IF(G28=0,"",K28/G28) -> 0 | N28: =IF(I28=0,"",K28/I28) -> 0 | P28: =K28-G28 -> -3.242598e+10 | Q28: =L28-H28 -> -0.20458523 | R28: =K28-I28 -> -4.6514404e+10 | S28: =L28-J28 -> -0.22653173
B29: Ⅳ. 판매비와 관리비 | C29: =+INDEX(#REF!,ROW('실적-PL 2026'!$B29),MATCH('실적-PL 2026'!$J$1,#REF!,0)) -> #REF! | D29: =IF($G$7=0,"",C29/$G$7) -> #REF! | E29: =+INDEX('2026-실적 PL'!$T:$AQ,ROW($B29),MATCH($J$2,'2026-실적 PL'!$T$1:$AQ$1,0)) -> 0 | F29: =+IFERROR(E29/$E$7,0) -> 0 | G29: =+INDEX('2026-사업계획-PL'!$T:$AQ,ROW($B29),MATCH($J$1,'2026-사업계획-PL'!$T$1:$AQ$1,0)) -> 1.927288e+10 | H29: =IF($G$7=0,"",G29/$G$7) -> 0.12159838 | I29: =+INDEX('2026-운영계획 PL'!$T:$AQ,ROW($B29),MATCH($J$1,'2026-운영계획 PL'!$T$1:$AQ$1,0)) -> 2.3147022e+10 | J29: =IF($I$7=0,"",I29/$I$7) -> 0.11272927 | K29: =+INDEX('2026-실적 PL'!$O:$AL,ROW($B29),MATCH($J$1,'2026-실적 PL'!$O$1:$AL$1,0)) -> 0 | L29: =+IFERROR(K29/$K$7,0) -> 0 | M29: =IF(G29=0,"",K29/G29) -> 0 | N29: =IF(I29=0,"",K29/I29) -> 0 | P29: =K29-G29 -> -1.927288e+10 | Q29: =L29-H29 -> -0.12159838 | R29: =K29-I29 -> -2.3147022e+10 | S29: =L29-J29 -> -0.11272927
B30: 01.급여 | C30: =+INDEX(#REF!,ROW('실적-PL 2026'!$B30),MATCH('실적-PL 2026'!$J$1,#REF!,0)) -> #REF! | D30: =IF($G$7=0,"",C30/$G$7) -> #REF! | E30: =+INDEX('2026-실적 PL'!$T:$AQ,ROW($B30),MATCH($J$2,'2026-실적 PL'!$T$1:$AQ$1,0)) -> 0 | F30: =+IFERROR(E30/$E$7,0) -> 0 | G30: =+INDEX('2026-사업계획-PL'!$T:$AQ,ROW($B30),MATCH($J$1,'2026-사업계획-PL'!$T$1:$AQ$1,0)) -> 815816000 | H30: =IF($G$7=0,"",G30/$G$7) -> 0.0051472277 | I30: =+INDEX('2026-운영계획 PL'!$T:$AQ,ROW($B30),MATCH($J$1,'2026-운영계획 PL'!$T$1:$AQ$1,0)) -> 881081280 | J30: =IF($I$7=0,"",I30/$I$7) -> 0.0042909905 | K30: =+INDEX('2026-실적 PL'!$O:$AL,ROW($B30),MATCH($J$1,'2026-실적 PL'!$O$1:$AL$1,0)) -> 0 | L30: =+IFERROR(K30/$K$7,0) -> 0 | M30: =IF(G30=0,"",K30/G30) -> 0 | N30: =IF(I30=0,"",K30/I30) -> 0 | P30: =K30-G30 -> -815816000 | Q30: =L30-H30 -> -0.0051472277 | R30: =K30-I30 -> -881081280 | S30: =L30-J30 -> -0.0042909905
B31: '01.1 급여-4대보험 | E31: =+INDEX('2026-실적 PL'!$T:$AQ,ROW($B31),MATCH($J$2,'2026-실적 PL'!$T$1:$AQ$1,0)) -> 0 | F31: =+IFERROR(E31/$E$7,0) -> 0 | G31: =+INDEX('2026-사업계획-PL'!$T:$AQ,ROW($B31),MATCH($J$1,'2026-사업계획-PL'!$T$1:$AQ$1,0)) -> 79106380 | H31: =IF($G$7=0,"",G31/$G$7) -> 0.00049910586 | I31: =+INDEX('2026-운영계획 PL'!$T:$AQ,ROW($B31),MATCH($J$1,'2026-운영계획 PL'!$T$1:$AQ$1,0)) -> 79106380 | J31: =IF($I$7=0,"",I31/$I$7) -> 0.00038525927 | K31: =+INDEX('2026-실적 PL'!$O:$AL,ROW($B31),MATCH($J$1,'2026-실적 PL'!$O$1:$AL$1,0)) -> 0 | L31: =+IFERROR(K31/$K$7,0) -> 0 | M31: =IF(G31=0,"",K31/G31) -> 0 | N31: =IF(I31=0,"",K31/I31) -> 0
B32: 02.잡급 | C32: =+INDEX(#REF!,ROW('실적-PL 2026'!$B32),MATCH('실적-PL 2026'!$J$1,#REF!,0)) -> #REF! | D32: =IF($G$7=0,"",C32/$G$7) -> #REF! | E32: =+INDEX('2026-실적 PL'!$T:$AQ,ROW($B32),MATCH($J$2,'2026-실적 PL'!$T$1:$AQ$1,0)) -> 0 | F32: =+IFERROR(E32/$E$7,0) -> 0 | G32: =+INDEX('2026-사업계획-PL'!$T:$AQ,ROW($B32),MATCH($J$1,'2026-사업계획-PL'!$T$1:$AQ$1,0)) -> 257240000 | H32: =IF($G$7=0,"",G32/$G$7) -> 0.0016230043 | I32: =+INDEX('2026-운영계획 PL'!$T:$AQ,ROW($B32),MATCH($J$1,'2026-운영계획 PL'!$T$1:$AQ$1,0)) -> 257240000 | J32: =IF($I$7=0,"",I32/$I$7) -> 0.0012527952 | K32: =+INDEX('2026-실적 PL'!$O:$AL,ROW($B32),MATCH($J$1,'2026-실적 PL'!$O$1:$AL$1,0)) -> 0 | L32: =+IFERROR(K32/$K$7,0) -> 0 | M32: =IF(G32=0,"",K32/G32) -> 0 | N32: =IF(I32=0,"",K32/I32) -> 0 | P32: =K32-G32 -> -257240000 | Q32: =L32-H32 -> -0.0016230043 | R32: =K32-I32 -> -257240000 | S32: =L32-J32 -> -0.0012527952
B33: 03.퇴직급여 | C33: =+INDEX(#REF!,ROW('실적-PL 2026'!$B33),MATCH('실적-PL 2026'!$J$1,#REF!,0)) -> #REF! | D33: =IF($G$7=0,"",C33/$G$7) -> #REF! | E33: =+INDEX('2026-실적 PL'!$T:$AQ,ROW($B33),MATCH($J$2,'2026-실적 PL'!$T$1:$AQ$1,0)) -> 0 | F33: =+IFERROR(E33/$E$7,0) -> 0 | G33: =+INDEX('2026-사업계획-PL'!$T:$AQ,ROW($B33),MATCH($J$1,'2026-사업계획-PL'!$T$1:$AQ$1,0)) -> 0 | H33: =IF($G$7=0,"",G33/$G$7) -> 0 | I33: =+INDEX('2026-운영계획 PL'!$T:$AQ,ROW($B33),MATCH($J$1,'2026-운영계획 PL'!$T$1:$AQ$1,0)) -> 0 | J33: =IF($I$7=0,"",I33/$I$7) -> 0 | K33: =+INDEX('2026-실적 PL'!$O:$AL,ROW($B33),MATCH($J$1,'2026-실적 PL'!$O$1:$AL$1,0)) -> 0 | L33: =+IFERROR(K33/$K$7,0) -> 0 | M33: =IF(G33=0,"",K33/G33) | N33: =IF(I33=0,"",K33/I33) | P33: =K33-G33 -> 0 | Q33: =L33-H33 -> 0 | R33: =K33-I33 -> 0 | S33: =L33-J33 -> 0
B34: 04.복리후생비 | C34: =+INDEX(#REF!,ROW('실적-PL 2026'!$B34),MATCH('실적-PL 2026'!$J$1,#REF!,0)) -> #REF! | D34: =IF($G$7=0,"",C34/$G$7) -> #REF! | E34: =+INDEX('2026-실적 PL'!$T:$AQ,ROW($B34),MATCH($J$2,'2026-실적 PL'!$T$1:$AQ$1,0)) -> 0 | F34: =+IFERROR(E34/$E$7,0) -> 0 | G34: =+INDEX('2026-사업계획-PL'!$T:$AQ,ROW($B34),MATCH($J$1,'2026-사업계획-PL'!$T$1:$AQ$1,0)) -> 87696000 | H34: =IF($G$7=0,"",G34/$G$7) -> 0.00055330035 | I34: =+INDEX('2026-운영계획 PL'!$T:$AQ,ROW($B34),MATCH($J$1,'2026-운영계획 PL'!$T$1:$AQ$1,0)) -> 87696000 | J34: =IF($I$7=0,"",I34/$I$7) -> 0.00042709193 | K34: =+INDEX('2026-실적 PL'!$O:$AL,ROW($B34),MATCH($J$1,'2026-실적 PL'!$O$1:$AL$1,0)) -> 0 | L34: =+IFERROR(K34/$K$7,0) -> 0 | M34: =IF(G34=0,"",K34/G34) -> 0 | N34: =IF(I34=0,"",K34/I34) -> 0 | P34: =K34-G34 -> -87696000 | Q34: =L34-H34 -> -0.00055330035 | R34: =K34-I34 -> -87696000 | S34: =L34-J34 -> -0.00042709193
B35: 05.여비교통비 | C35: =+INDEX(#REF!,ROW('실적-PL 2026'!$B35),MATCH('실적-PL 2026'!$J$1,#REF!,0)) -> #REF! | D35: =IF($G$7=0,"",C35/$G$7) -> #REF! | E35: =+INDEX('2026-실적 PL'!$T:$AQ,ROW($B35),MATCH($J$2,'2026-실적 PL'!$T$1:$AQ$1,0)) -> 0 | F35: =+IFERROR(E35/$E$7,0) -> 0 | G35: =+INDEX('2026-사업계획-PL'!$T:$AQ,ROW($B35),MATCH($J$1,'2026-사업계획-PL'!$T$1:$AQ$1,0)) -> 7000000 | H35: =IF($G$7=0,"",G35/$G$7) -> 4.4165098e-05 | I35: =+INDEX('2026-운영계획 PL'!$T:$AQ,ROW($B35),MATCH($J$1,'2026-운영계획 PL'!$T$1:$AQ$1,0)) -> 7000000 | J35: =IF($I$7=0,"",I35/$I$7) -> 3.4090991e-05 | K35: =+INDEX('2026-실적 PL'!$O:$AL,ROW($B35),MATCH($J$1,'2026-실적 PL'!$O$1:$AL$1,0)) -> 0 | L35: =+IFERROR(K35/$K$7,0) -> 0 | M35: =IF(G35=0,"",K35/G35) -> 0 | N35: =IF(I35=0,"",K35/I35) -> 0 | P35: =K35-G35 -> -7000000 | Q35: =L35-H35 -> -4.4165098e-05 | R35: =K35-I35 -> -7000000 | S35: =L35-J35 -> -3.4090991e-05
B36: 06.접대비 | C36: =+INDEX(#REF!,ROW('실적-PL 2026'!$B36),MATCH('실적-PL 2026'!$J$1,#REF!,0)) -> #REF! | D36: =IF($G$7=0,"",C36/$G$7) -> #REF! | E36: =+INDEX('2026-실적 PL'!$T:$AQ,ROW($B36),MATCH($J$2,'2026-실적 PL'!$T$1:$AQ$1,0)) -> 0 | F36: =+IFERROR(E36/$E$7,0) -> 0 | G36: =+INDEX('2026-사업계획-PL'!$T:$AQ,ROW($B36),MATCH($J$1,'2026-사업계획-PL'!$T$1:$AQ$1,0)) -> 20000000 | H36: =IF($G$7=0,"",G36/$G$7) -> 0.00012618599 | I36: =+INDEX('2026-운영계획 PL'!$T:$AQ,ROW($B36),MATCH($J$1,'2026-운영계획 PL'!$T$1:$AQ$1,0)) -> 20000000 | J36: =IF($I$7=0,"",I36/$I$7) -> 9.7402831e-05 | K36: =+INDEX('2026-실적 PL'!$O:$AL,ROW($B36),MATCH($J$1,'2026-실적 PL'!$O$1:$AL$1,0)) -> 0 | L36: =+IFERROR(K36/$K$7,0) -> 0 | M36: =IF(G36=0,"",K36/G36) -> 0 | N36: =IF(I36=0,"",K36/I36) -> 0 | P36: =K36-G36 -> -20000000 | Q36: =L36-H36 -> -0.00012618599 | R36: =K36-I36 -> -20000000 | S36: =L36-J36 -> -9.7402831e-05
B37: 07.통신비 | C37: =+INDEX(#REF!,ROW('실적-PL 2026'!$B37),MATCH('실적-PL 2026'!$J$1,#REF!,0)) -> #REF! | D37: =IF($G$7=0,"",C37/$G$7) -> #REF! | E37: =+INDEX('2026-실적 PL'!$T:$AQ,ROW($B37),MATCH($J$2,'2026-실적 PL'!$T$1:$AQ$1,0)) -> 0 | F37: =+IFERROR(E37/$E$7,0) -> 0 | G37: =+INDEX('2026-사업계획-PL'!$T:$AQ,ROW($B37),MATCH($J$1,'2026-사업계획-PL'!$T$1:$AQ$1,0)) -> 8400000 | H37: =IF($G$7=0,"",G37/$G$7) -> 5.2998118e-05 | I37: =+INDEX('2026-운영계획 PL'!$T:$AQ,ROW($B37),MATCH($J$1,'2026-운영계획 PL'!$T$1:$AQ$1,0)) -> 8400000 | J37: =IF($I$7=0,"",I37/$I$7) -> 4.0909189e-05 | K37: =+INDEX('2026-실적 PL'!$O:$AL,ROW($B37),MATCH($J$1,'2026-실적 PL'!$O$1:$AL$1,0)) -> 0 | L37: =+IFERROR(K37/$K$7,0) -> 0 | M37: =IF(G37=0,"",K37/G37) -> 0 | N37: =IF(I37=0,"",K37/I37) -> 0 | P37: =K37-G37 -> -8400000 | Q37: =L37-H37 -> -5.2998118e-05 | R37: =K37-I37 -> -8400000 | S37: =L37-J37 -> -4.0909189e-05
B38: 08.수도광열비 | C38: =+INDEX(#REF!,ROW('실적-PL 2026'!$B38),MATCH('실적-PL 2026'!$J$1,#REF!,0)) -> #REF! | D38: =IF($G$7=0,"",C38/$G$7) -> #REF! | E38: =+INDEX('2026-실적 PL'!$T:$AQ,ROW($B38),MATCH($J$2,'2026-실적 PL'!$T$1:$AQ$1,0)) -> 0 | F38: =+IFERROR(E38/$E$7,0) -> 0 | G38: =+INDEX('2026-사업계획-PL'!$T:$AQ,ROW($B38),MATCH($J$1,'2026-사업계획-PL'!$T$1:$AQ$1,0)) -> 106700000 | H38: =IF($G$7=0,"",G38/$G$7) -> 0.00067320228 | I38: =+INDEX('2026-운영계획 PL'!$T:$AQ,ROW($B38),MATCH($J$1,'2026-운영계획 PL'!$T$1:$AQ$1,0)) -> 106700000 | J38: =IF($I$7=0,"",I38/$I$7) -> 0.0005196441 | K38: =+INDEX('2026-실적 PL'!$O:$AL,ROW($B38),MATCH($J$1,'2026-실적 PL'!$O$1:$AL$1,0)) -> 0 | L38: =+IFERROR(K38/$K$7,0) -> 0 | M38: =IF(G38=0,"",K38/G38) -> 0 | N38: =IF(I38=0,"",K38/I38) -> 0 | P38: =K38-G38 -> -106700000 | Q38: =L38-H38 -> -0.00067320228 | R38: =K38-I38 -> -106700000 | S38: =L38-J38 -> -0.0005196441
B39: 09.세금과공과 | C39: =+INDEX(#REF!,ROW('실적-PL 2026'!$B39),MATCH('실적-PL 2026'!$J$1,#REF!,0)) -> #REF! | D39: =IF($G$7=0,"",C39/$G$7) -> #REF! | E39: =+INDEX('2026-실적 PL'!$T:$AQ,ROW($B39),MATCH($J$2,'2026-실적 PL'!$T$1:$AQ$1,0)) -> 0 | F39: =+IFERROR(E39/$E$7,0) -> 0 | G39: =+INDEX('2026-사업계획-PL'!$T:$AQ,ROW($B39),MATCH($J$1,'2026-사업계획-PL'!$T$1:$AQ$1,0)) -> 25000000 | H39: =IF($G$7=0,"",G39/$G$7) -> 0.00015773249 | I39: =+INDEX('2026-운영계획 PL'!$T:$AQ,ROW($B39),MATCH($J$1,'2026-운영계획 PL'!$T$1:$AQ$1,0)) -> 25000000 | J39: =IF($I$7=0,"",I39/$I$7) -> 0.00012175354 | K39: =+INDEX('2026-실적 PL'!$O:$AL,ROW($B39),MATCH($J$1,'2026-실적 PL'!$O$1:$AL$1,0)) -> 0 | L39: =+IFERROR(K39/$K$7,0) -> 0 | M39: =IF(G39=0,"",K39/G39) -> 0 | N39: =IF(I39=0,"",K39/I39) -> 0 | P39: =K39-G39 -> -25000000 | Q39: =L39-H39 -> -0.00015773249 | R39: =K39-I39 -> -25000000 | S39: =L39-J39 -> -0.00012175354
B40: 10.감가상각비 | C40: =+INDEX(#REF!,ROW('실적-PL 2026'!$B40),MATCH('실적-PL 2026'!$J$1,#REF!,0)) -> #REF! | D40: =IF($G$7=0,"",C40/$G$7) -> #REF! | E40: =+INDEX('2026-실적 PL'!$T:$AQ,ROW($B40),MATCH($J$2,'2026-실적 PL'!$T$1:$AQ$1,0)) -> 0 | F40: =+IFERROR(E40/$E$7,0) -> 0 | G40: =+INDEX('2026-사업계획-PL'!$T:$AQ,ROW($B40),MATCH($J$1,'2026-사업계획-PL'!$T$1:$AQ$1,0)) -> 4.0524877e+08 | H40: =IF($G$7=0,"",G40/$G$7) -> 0.0025568359 | I40: =+INDEX('2026-운영계획 PL'!$T:$AQ,ROW($B40),MATCH($J$1,'2026-운영계획 PL'!$T$1:$AQ$1,0)) -> 4.0524877e+08 | J40: =IF($I$7=0,"",I40/$I$7) -> 0.0019736189 | K40: =+INDEX('2026-실적 PL'!$O:$AL,ROW($B40),MATCH($J$1,'2026-실적 PL'!$O$1:$AL$1,0)) -> 0 | L40: =+IFERROR(K40/$K$7,0) -> 0 | M40: =IF(G40=0,"",K40/G40) -> 0 | N40: =IF(I40=0,"",K40/I40) -> 0 | P40: =K40-G40 -> -4.0524877e+08 | Q40: =L40-H40 -> -0.0025568359 | R40: =K40-I40 -> -4.0524877e+08 | S40: =L40-J40 -> -0.0019736189
B41: 11.지급임차료 | C41: =+INDEX(#REF!,ROW('실적-PL 2026'!$B41),MATCH('실적-PL 2026'!$J$1,#REF!,0)) -> #REF! | D41: =IF($G$7=0,"",C41/$G$7) -> #REF! | E41: =+INDEX('2026-실적 PL'!$T:$AQ,ROW($B41),MATCH($J$2,'2026-실적 PL'!$T$1:$AQ$1,0)) -> 0 | F41: =+IFERROR(E41/$E$7,0) -> 0 | G41: =+INDEX('2026-사업계획-PL'!$T:$AQ,ROW($B41),MATCH($J$1,'2026-사업계획-PL'!$T$1:$AQ$1,0)) -> 125884724 | H41: =IF($G$7=0,"",G41/$G$7) -> 0.00079424446 | I41: =+INDEX('2026-운영계획 PL'!$T:$AQ,ROW($B41),MATCH($J$1,'2026-운영계획 PL'!$T$1:$AQ$1,0)) -> 125884724 | J41: =IF($I$7=0,"",I41/$I$7) -> 0.00061307642 | K41: =+INDEX('2026-실적 PL'!$O:$AL,ROW($B41),MATCH($J$1,'2026-실적 PL'!$O$1:$AL$1,0)) -> 0 | L41: =+IFERROR(K41/$K$7,0) -> 0 | M41: =IF(G41=0,"",K41/G41) -> 0 | N41: =IF(I41=0,"",K41/I41) -> 0 | P41: =K41-G41 -> -125884724 | Q41: =L41-H41 -> -0.00079424446 | R41: =K41-I41 -> -125884724 | S41: =L41-J41 -> -0.00061307642
B42: 12.수선비 | C42: =+INDEX(#REF!,ROW('실적-PL 2026'!$B42),MATCH('실적-PL 2026'!$J$1,#REF!,0)) -> #REF! | D42: =IF($G$7=0,"",C42/$G$7) -> #REF! | E42: =+INDEX('2026-실적 PL'!$T:$AQ,ROW($B42),MATCH($J$2,'2026-실적 PL'!$T$1:$AQ$1,0)) -> 0 | F42: =+IFERROR(E42/$E$7,0) -> 0 | G42: =+INDEX('2026-사업계획-PL'!$T:$AQ,ROW($B42),MATCH($J$1,'2026-사업계획-PL'!$T$1:$AQ$1,0)) -> 5000000 | H42: =IF($G$7=0,"",G42/$G$7) -> 3.1546499e-05 | I42: =+INDEX('2026-운영계획 PL'!$T:$AQ,ROW($B42),MATCH($J$1,'2026-운영계획 PL'!$T$1:$AQ$1,0)) -> 5000000 | J42: =IF($I$7=0,"",I42/$I$7) -> 2.4350708e-05 | K42: =+INDEX('2026-실적 PL'!$O:$AL,ROW($B42),MATCH($J$1,'2026-실적 PL'!$O$1:$AL$1,0)) -> 0 | L42: =+IFERROR(K42/$K$7,0) -> 0 | M42: =IF(G42=0,"",K42/G42) -> 0 | N42: =IF(I42=0,"",K42/I42) -> 0 | P42: =K42-G42 -> -5000000 | Q42: =L42-H42 -> -3.1546499e-05 | R42: =K42-I42 -> -5000000 | S42: =L42-J42 -> -2.4350708e-05
B43: 13.보험료 | C43: =+INDEX(#REF!,ROW('실적-PL 2026'!$B43),MATCH('실적-PL 2026'!$J$1,#REF!,0)) -> #REF! | D43: =IF($G$7=0,"",C43/$G$7) -> #REF! | E43: =+INDEX('2026-실적 PL'!$T:$AQ,ROW($B43),MATCH($J$2,'2026-실적 PL'!$T$1:$AQ$1,0)) -> 0 | F43: =+IFERROR(E43/$E$7,0) -> 0 | G43: =+INDEX('2026-사업계획-PL'!$T:$AQ,ROW($B43),MATCH($J$1,'2026-사업계획-PL'!$T$1:$AQ$1,0)) -> 0 | H43: =IF($G$7=0,"",G43/$G$7) -> 0 | I43: =+INDEX('2026-운영계획 PL'!$T:$AQ,ROW($B43),MATCH($J$1,'2026-운영계획 PL'!$T$1:$AQ$1,0)) -> 0 | J43: =IF($I$7=0,"",I43/$I$7) -> 0 | K43: =+INDEX('2026-실적 PL'!$O:$AL,ROW($B43),MATCH($J$1,'2026-실적 PL'!$O$1:$AL$1,0)) -> 0 | L43: =+IFERROR(K43/$K$7,0) -> 0 | M43: =IF(G43=0,"",K43/G43) | N43: =IF(I43=0,"",K43/I43) | P43: =K43-G43 -> 0 | Q43: =L43-H43 -> 0 | R43: =K43-I43 -> 0 | S43: =L43-J43 -> 0
... B59: 29.기타 | C59: =+INDEX(#REF!,ROW('실적-PL 2026'!$B59),MATCH('실적-PL 2026'!$J$1,#REF!,0)) -> #REF! | D59: =IF($G$7=0,"",C59/$G$7) -> #REF! | E59: =+INDEX('2026-실적 PL'!$T:$AQ,ROW($B59),MATCH($J$2,'2026-실적 PL'!$T$1:$AQ$1,0)) -> 0 | F59: =+IFERROR(E59/$E$7,0) -> 0 | G59: =+INDEX('2026-사업계획-PL'!$T:$AQ,ROW($B59),MATCH($J$1,'2026-사업계획-PL'!$T$1:$AQ$1,0)) -> 0 | H59: =IF($G$7=0,"",G59/$G$7) -> 0 | I59: =+INDEX('2026-운영계획 PL'!$T:$AQ,ROW($B59),MATCH($J$1,'2026-운영계획 PL'!$T$1:$AQ$1,0)) -> 0 | J59: =IF($I$7=0,"",I59/$I$7) -> 0 | K59: =+INDEX('2026-실적 PL'!$O:$AL,ROW($B59),MATCH($J$1,'2026-실적 PL'!$O$1:$AL$1,0)) -> 0 | L59: =+IFERROR(K59/$K$7,0) -> 0 | M59: =IF(G59=0,"",K59/G59) | N59: =IF(I59=0,"",K59/I59) | P59: =K59-G59 -> 0 | Q59: =L59-H59 -> 0 | R59: =K59-I59 -> 0 | S59: =L59-J59 -> 0
B60: Ⅴ. 영업이익 | C60: =C28-C29 -> #REF! | D60: =IF($G$7=0,"",C60/$G$7) -> #REF! | E60: =+INDEX('2026-실적 PL'!$T:$AQ,ROW($B60),MATCH($J$2,'2026-실적 PL'!$T$1:$AQ$1,0)) -> 0 | F60: =+IFERROR(E60/$E$7,0) -> 0 | G60: =+INDEX('2026-사업계획-PL'!$T:$AQ,ROW($B60),MATCH($J$1,'2026-사업계획-PL'!$T$1:$AQ$1,0)) -> 1.31531e+10 | H60: =IF($G$7=0,"",G60/$G$7) -> 0.082986851 | I60: =+INDEX('2026-운영계획 PL'!$T:$AQ,ROW($B60),MATCH($J$1,'2026-운영계획 PL'!$T$1:$AQ$1,0)) -> 2.3367382e+10 | J60: =IF($I$7=0,"",I60/$I$7) -> 0.11380246 | K60: =+INDEX('2026-실적 PL'!$O:$AL,ROW($B60),MATCH($J$1,'2026-실적 PL'!$O$1:$AL$1,0)) -> 0 | L60: =+IFERROR(K60/$K$7,0) -> 0 | M60: =IF(G60=0,"",K60/G60) -> 0 | N60: =IF(I60=0,"",K60/I60) -> 0 | P60: =K60-G60 -> -1.31531e+10 | Q60: =L60-H60 -> -0.082986851 | R60: =K60-I60 -> -2.3367382e+10 | S60: =L60-J60 -> -0.11380246
B62: =B1 -> 7월 목표vs실적- 베트남
B64: 손익계산서(원화) | G64: 적용환율: | H64: 5.5 | M64: (단위: 천원 ) | R64: =I68-K68 -> 1.1293306e+10
B65: 계정과목 | C65: 전년동월 | E65: 전월 | G65: 사업목표 | I65: 운영목표 | K65: 실적 | M65: 달성율 | P65: 차이
P66: 사업목표 VS 실적 | R66: 운영목표 VS 실적 | T66: 요약
C67: 금액 | D67: 비율 | E67: 금액 | F67: 비율 | G67: 금액 | H67: 비율 | I67: 금액 | J67: 비율 | K67: 금액 | L67: 비율 | M67: 사업목표 대비 | N67: 운영목표 대비 | P67: 금액 | Q67: 비율 | R67: 금액 | S67: 비율
B68: Ⅰ. 매출액 | C68: =C7*$H$64 -> #REF! | D68: =+D69+D72+D76 -> #REF! | E68: =E7*$H$64/100 -> 0 | F68: =+F69+F72+F76 -> 0 | G68: =G7*$H$64/100 -> 8.7172907e+09 | H68: =+H69+H72+H76 -> 1 | I68: =I7*$H$64/100 -> 1.1293306e+10 | J68: 1 | K68: =K7*$H$64/100 -> 0 | L68: 1 | M68: =IF(G68=0,"",K68/G68) -> 0 | N68: =IF(I68=0,"",K68/I68) -> 0 | P68: =K68-G68 -> -8.7172907e+09 | Q68: =K68/G68 -> 0 | R68: =K68-I68 -> -1.1293306e+10 | S68: =K68/I68 -> 0 | T68: 운영 목표 대비 - > 20.65억 매출 감소
B69: 01.제품매출 | C69: =C8*$H$64 -> #REF! | D69: =+D70+D71 -> #REF! | E69: =E8*$H$64/100 -> 0 | F69: =+F70+F71 -> 0 | G69: =G8*$H$64/100 -> 8.7172907e+09 | H69: =+H70+H71 -> 1 | I69: =I8*$H$64/100 -> 1.1293306e+10 | J69: =+J70+J71 -> 1 | K69: =K8*$H$64/100 -> 0 | L69: =+L70+L71 -> #DIV/0! | M69: =IF(G69=0,"",K69/G69) -> 0 | N69: =IF(I69=0,"",K69/I69) -> 0 | P69: =K69-G69 -> -8.7172907e+09 | Q69: =L69-H69 -> #DIV/0! | R69: =K69-I69 -> -1.1293306e+10 | S69: =L69-J69 -> #DIV/0! | T69: 1) BUY BACK 매출감소 - 12.8억 감소(오더 조정 및 자재수급 차질, 6월 2일 출하 6.4억 )
B70: (1) 국내매출 | C70: =C9*$H$64 -> #REF! | D70: =+C70/$C$68 -> #REF! | E70: =E9*$H$64/100 -> 0 | F70: =+IFERROR(E70/$E$68,0) -> 0 | G70: =G9*$H$64/100 -> 1.0194214e+08 | H70: =+G70/G68 -> 0.011694246 | I70: =I9*$H$64/100 -> 1.6408166e+08 | J70: =+I70/I68 -> 0.014529108 | K70: =K9*$H$64/100 -> 0 | L70: =+K70/K68 -> #DIV/0! | M70: =IF(G70=0,"",K70/G70) -> 0 | N70: =IF(I70=0,"",K70/I70) -> 0 | P70: =K70-G70 -> -1.0194214e+08 | Q70: =L70-H70 -> #DIV/0! | R70: =K70-I70 -> -1.6408166e+08 | S70: =L70-J70 -> #DIV/0! | T70: 2) HTMV 매출 감소 - 0.04억 감소.
B71: (2) 국외매출 (CBU) | C71: =C10*$H$64 -> #REF! | D71: =+C71/C68 -> #REF! | E71: =E10*$H$64/100 -> 0 | F71: =+IFERROR(E71/$E$68,0) -> 0 | G71: =G10*$H$64/100 -> 8.6153486e+09 | H71: =+G71/G68 -> 0.98830575 | I71: =I10*$H$64/100 -> 1.1129225e+10 | J71: =+I71/I68 -> 0.98547089 | K71: =K10*$H$64/100 -> 0 | L71: =+K71/K69 -> #DIV/0! | M71: =IF(G71=0,"",K71/G71) -> 0 | N71: =IF(I71=0,"",K71/I71) -> 0 | P71: =K71-G71 -> -8.6153486e+09 | Q71: =L71-H71 -> #DIV/0! | R71: =K71-I71 -> -1.1129225e+10 | S71: =L71-J71 -> #DIV/0! | T71: 3) HMMI 매출 증가 - 0.89억 증가(오더 조정).
B72: 02.상품매출 | C72: =C11*$H$64 -> #REF! | D72: =IF($G$68=0,"",C72/$G$68) -> #REF! | E72: =E11*$H$64/100 -> 0 | F72: =+IFERROR(E72/$E$68,0) -> 0 | G72: =G11*$H$64/100 -> 0 | H72: =IF($G$68=0,"",G72/$G$68) -> 0 | I72: =I11*$H$64/100 -> 0 | J72: =IF($I$68=0,"",I72/$I$68) -> 0 | K72: =K11*$H$64/100 -> 0 | L72: =IF($K$68=0,"",K72/$K$68) | M72: =IF(G72=0,"",K72/G72) | N72: =IF(I72=0,"",K72/I72) | P72: =K72-G72 -> 0 | Q72: =L72-H72 -> #VALUE! | R72: =K72-I72 -> 0 | S72: =L72-J72 -> #VALUE! | T72: 4) SSCZ 매출감소 - 8.5억 감소(출하일정 변경 - 선적 스케쥴 5.0억 조정 및 자재수급 차질).
B73: (1) 국내매출-NET | C73: =C12*$H$64 -> #REF! | D73: =IF($G$68=0,"",C73/$G$68) -> #REF! | E73: =E12*$H$64/100 -> 0 | F73: =+IFERROR(E73/$E$68,0) -> 0 | G73: =G12*$H$64/100 -> 0 | H73: =IF($G$68=0,"",G73/$G$68) -> 0 | I73: =I12*$H$64/100 -> 0 | J73: =IF($I$68=0,"",I73/$I$68) -> 0 | K73: =K12*$H$64/100 -> 0 | L73: =IF($K$68=0,"",K73/$K$68) | M73: =IF(G73=0,"",K73/G73) | N73: =IF(I73=0,"",K73/I73) | P73: =K73-G73 -> 0 | Q73: =L73-H73 -> #VALUE! | R73: =K73-I73 -> 0 | S73: =L73-J73 -> #VALUE! | T73: 5) SSMPL 매출감소 - 0.67억 감소 (재고운영 문제로 PO 조정)
B74: 국내매출-GROSS | C74: =C13*$H$64 -> #REF! | D74: =IF($G$68=0,"",C74/$G$68) -> #REF! | E74: =E13*$H$64/100 -> 0 | F74: =+IFERROR(E74/$E$68,0) -> 0 | G74: =G13*$H$64/100 -> 0 | H74: =IF($G$68=0,"",G74/$G$68) -> 0 | I74: =I13*$H$64/100 -> 0 | J74: =IF($I$68=0,"",I74/$I$68) -> 0 | K74: =K13*$H$64/100 -> 0 | L74: =IF($K$68=0,"",K74/$K$68) | M74: =IF(G74=0,"",K74/G74) | N74: =IF(I74=0,"",K74/I74) | P74: =K74-G74 -> 0 | Q74: =L74-H74 -> #VALUE! | R74: =K74-I74 -> 0 | S74: =L74-J74 -> #VALUE! | T74: 6) 멕시코 매출 감소 - 2.74억 감소(월별 오더 편차 과다 - 재고운영 문제-자재 수급차질).
B75: (2) 국외매출 (CKD) | C75: =C14*$H$64 -> #REF! | D75: =IF($G$68=0,"",C75/$G$68) -> #REF! | E75: =E14*$H$64/100 -> 0 | F75: =+IFERROR(E75/$E$68,0) -> 0 | G75: =G14*$H$64/100 -> 0 | H75: =IF($G$68=0,"",G75/$G$68) -> 0 | I75: =I14*$H$64/100 -> 0 | J75: =IF($I$68=0,"",I75/$I$68) -> 0 | K75: =K14*$H$64/100 -> 0 | L75: =IF($K$68=0,"",K75/$K$68) | M75: =IF(G75=0,"",K75/G75) | N75: =IF(I75=0,"",K75/I75) | P75: =K75-G75 -> 0 | Q75: =L75-H75 -> #VALUE! | R75: =K75-I75 -> 0 | S75: =L75-J75 -> #VALUE!
B76: 03.수불무관매출 | C76: =C15*$H$64 -> #REF! | D76: =IF($G$68=0,"",C76/$G$68) -> #REF! | E76: =E15*$H$64/100 -> 0 | F76: =+IFERROR(E76/$E$68,0) -> 0 | G76: =G15*$H$64/100 -> 0 | H76: =IF($G$68=0,"",G76/$G$68) -> 0 | I76: =I15*$H$64/100 -> 0 | J76: =IF($I$68=0,"",I76/$I$68) -> 0 | K76: =K15*$H$64/100 -> 0 | L76: =IF($K$68=0,"",K76/$K$68) | M76: =IF(G76=0,"",K76/G76) | N76: =IF(I76=0,"",K76/I76) | P76: =K76-G76 -> 0 | Q76: =L76-H76 -> #VALUE! | R76: =K76-I76 -> 0 | S76: =L76-J76 -> #VALUE!
B77: Ⅱ. 매출원가 | C77: =C16*$H$64 -> #REF! | D77: =+C77/$C$68 -> #REF! | E77: =E16*$H$64/100 -> 0 | F77: =+IFERROR(E77/$E$68,0) -> 0 | G77: =G16*$H$64/100 -> 6.9338618e+09 | H77: =IF($G$68=0,"",G77/$G$68) -> 0.79541477 | I77: =I16*$H$64/100 -> 8.735014e+09 | J77: =IF($I$68=0,"",I77/$I$68) -> 0.77346827 | K77: =K16*$H$64/100 -> 0 | L77: =IF($K$68=0,"",K77/$K$68) | M77: =IF(G77=0,"",K77/G77) -> 0 | N77: =IF(I77=0,"",K77/I77) -> 0 | P77: =K77-G77 -> -6.9338618e+09 | Q77: =L77-H77 -> #VALUE! | R77: =K77-I77 -> -8.735014e+09 | S77: =L77-J77 -> #VALUE! | T77: 운영 계획 대비 영업이익 2.5% 감소 - 매출축소 관련 및 재고 반영 2.4% 감소
B78: 01. 제품매출원가 | C78: =C17*$H$64 -> #REF! | D78: =+C78/$C$68 -> #REF! | E78: =E17*$H$64/100 -> 0 | F78: =+IFERROR(E78/$E$68,0) -> 0 | G78: =G17*$H$64/100 -> 6.9338618e+09 | H78: =IF($G$68=0,"",G78/$G$68) -> 0.79541477 | I78: =I17*$H$64/100 -> 8.735014e+09 | J78: =IF($I$68=0,"",I78/$I$68) -> 0.77346827 | K78: =K17*$H$64/100 -> 0 | L78: =IF($K$68=0,"",K78/$K$68) | M78: =IF(G78=0,"",K78/G78) -> 0 | N78: =IF(I78=0,"",K78/I78) -> 0 | P78: =K78-G78 -> -6.9338618e+09 | Q78: =L78-H78 -> #VALUE! | R78: =K78-I78 -> -8.735014e+09 | S78: =L78-J78 -> #VALUE! | T78: 수율 목표 운영 대비 0.12% 증가
B79: 기초제품재고액 | C79: =C18*$H$64 -> #REF! | D79: =+C79/$C$68 -> #REF! | E79: =E18*$H$64/100 -> 0 | F79: =+IFERROR(E79/$E$68,0) -> 0 | G79: =G18*$H$64/100 -> 0 | H79: =IF($G$68=0,"",G79/$G$68) -> 0 | I79: =I18*$H$64/100 -> 0 | J79: =IF($I$68=0,"",I79/$I$68) -> 0 | K79: =K18*$H$64/100 -> 0 | L79: =IF($K$68=0,"",K79/$K$68) | M79: =IF(G79=0,"",K79/G79) | N79: =IF(I79=0,"",K79/I79) | P79: =K79-G79 -> 0 | Q79: =L79-H79 -> #VALUE! | R79: =K79-I79 -> 0 | S79: =L79-J79 -> #VALUE! | T79: 1. 판가변동 - 0.0% 영향.
B80: 당기제품제조원가 | C80: =C19*$H$64 -> #REF! | D80: =+C80/$C$68 -> #REF! | E80: =E19*$H$64/100 -> 0 | F80: =+IFERROR(E80/$E$68,0) -> 0 | G80: =G19*$H$64/100 -> 6.9338618e+09 | H80: =IF($G$68=0,"",G80/$G$68) -> 0.79541477 | I80: =I19*$H$64/100 -> 8.735014e+09 | J80: =IF($I$68=0,"",I80/$I$68) -> 0.77346827 | K80: =K19*$H$64/100 -> 0 | L80: =IF($K$68=0,"",K80/$K$68) | M80: =IF(G80=0,"",K80/G80) -> 0 | N80: =IF(I80=0,"",K80/I80) -> 0 | P80: =K80-G80 -> -6.9338618e+09 | Q80: =L80-H80 -> #VALUE! | R80: =K80-I80 -> -8.735014e+09 | S80: =L80-J80 -> #VALUE! | T80: 2. 환율변동 관련 -0.0% 하락
B81: 기말제품재고액 | C81: =C20*$H$64 -> #REF! | D81: =+C81/$C$68 -> #REF! | E81: =E20*$H$64/100 -> 0 | F81: =+IFERROR(E81/$E$68,0) -> 0 | G81: =G20*$H$64/100 -> 0 | H81: =IF($G$68=0,"",G81/$G$68) -> 0 | I81: =I20*$H$64/100 -> 0 | J81: =IF($I$68=0,"",I81/$I$68) -> 0 | K81: =K20*$H$64/100 -> 0 | L81: =IF($K$68=0,"",K81/$K$68) | M81: =IF(G81=0,"",K81/G81) | N81: =IF(I81=0,"",K81/I81) | P81: =K81-G81 -> 0 | Q81: =L81-H81 -> #VALUE! | R81: =K81-I81 -> 0 | S81: =L81-J81 -> #VALUE! | T81: 3. 생산변동으로 - 0.12% 증가(멕시코, 인도 생산비율 변동)
B82: 02. 상품매출원가 | C82: =C21*$H$64 -> #REF! | D82: =IF($G$68=0,"",C82/$G$68) -> #REF! | E82: =E21*$H$64/100 -> 0 | F82: =+IFERROR(E82/$E$68,0) -> 0 | G82: =G21*$H$64/100 -> 0 | H82: =IF($G$68=0,"",G82/$G$68) -> 0 | I82: =I21*$H$64/100 -> 0 | J82: =IF($I$68=0,"",I82/$I$68) -> 0 | K82: =K21*$H$64/100 -> 0 | L82: =IF($K$68=0,"",K82/$K$68) | M82: =IF(G82=0,"",K82/G82) | N82: =IF(I82=0,"",K82/I82) | P82: =K82-G82 -> 0 | Q82: =L82-H82 -> #VALUE! | R82: =K82-I82 -> 0 | S82: =L82-J82 -> #VALUE! | T82: 4. 부품가 상승 - 0.0% 감소(철판 원자재가 변동관련 인하)
B83: (1) 국내매출원가-NET | C83: =C22*$H$64 -> #REF! | D83: =IF($G$68=0,"",C83/$G$68) -> #REF! | E83: =E22*$H$64/100 -> 0 | F83: =+IFERROR(E83/$E$68,0) -> 0 | G83: =G22*$H$64/100 -> 0 | H83: =IF($G$68=0,"",G83/$G$68) -> 0 | I83: =I22*$H$64/100 -> 0 | J83: =IF($I$68=0,"",I83/$I$68) -> 0 | K83: =K22*$H$64/100 -> 0 | L83: =IF($K$68=0,"",K83/$K$68) | P83: =K83-G83 -> 0 | Q83: =L83-H83 -> #VALUE! | R83: =K83-I83 -> 0 | S83: =L83-J83 -> #VALUE! | T83: 5. 노무비 0.3% 증가.
B84: 국내매출원가-GROSS | C84: =C23*$H$64 -> #REF! | D84: =IF($G$68=0,"",C84/$G$68) -> #REF! | E84: =E23*$H$64/100 -> 0 | F84: =+IFERROR(E84/$E$68,0) -> 0 | G84: =G23*$H$64/100 -> 0 | H84: =IF($G$68=0,"",G84/$G$68) -> 0 | I84: =I23*$H$64/100 -> 0 | J84: =IF($I$68=0,"",I84/$I$68) -> 0 | K84: =K23*$H$64/100 -> 0 | L84: =IF($K$68=0,"",K84/$K$68) | M84: =IF(G84=0,"",K84/G84) | N84: =IF(I84=0,"",K84/I84) | P84: =K84-G84 -> 0 | Q84: =L84-H84 -> #VALUE! | R84: =K84-I84 -> 0 | S84: =L84-J84 -> #VALUE! | T84: - SSMX 반제품 생산비율 증가 및 미니버클 2중검사 관련 노무비 급증.
B85: 기초상품재고액 | C85: =C24*$H$64 -> #REF! | E85: =E24*$H$64/100 -> 0 | F85: =+IFERROR(E85/$E$68,0) -> 0 | G85: =G24*$H$64/100 -> 0 | I85: =I24*$H$64/100 -> 0 | K85: =K24*$H$64/100 -> 0 | M85: =IF(G85=0,"",K85/G85) | N85: =IF(I85=0,"",K85/I85) | P85: =K85-G85 -> 0 | Q85: =L85-H85 -> 0 | R85: =K85-I85 -> 0 | S85: =L85-J85 -> 0 | T85: - 인력 부족으로 토/일 FULL 특근대응 관련 노무비 증가.
B86: 당기상품매입액 | C86: =C25*$H$64 -> #REF! | D86: =IF($G$68=0,"",C86/$G$68) -> #REF! | E86: =E25*$H$64/100 -> 0 | F86: =+IFERROR(E86/$E$68,0) -> 0 | G86: =G25*$H$64/100 -> 0 | H86: =IF($G$68=0,"",G86/$G$68) -> 0 | I86: =I25*$H$64/100 -> 0 | J86: =IF($I$68=0,"",I86/$I$68) -> 0 | K86: =K25*$H$64/100 -> 0 | L86: =IF($K$68=0,"",K86/$K$68) | M86: =IF(G86=0,"",K86/G86) | N86: =IF(I86=0,"",K86/I86) | P86: =K86-G86 -> 0 | Q86: =L86-H86 -> #VALUE! | R86: =K86-I86 -> 0 | S86: =L86-J86 -> #VALUE! | T86: 6. 판매 관리비 0.0%
B87: 기말상품재고액 | C87: =C26*$H$64 -> #REF! | E87: =E26*$H$64/100 -> 0 | F87: =+IFERROR(E87/$E$68,0) -> 0 | G87: =G26*$H$64/100 -> 0 | I87: =I26*$H$64/100 -> 0 | K87: =K26*$H$64/100 -> 0 | M87: =IF(G87=0,"",K87/G87) | N87: =IF(I87=0,"",K87/I87) | P87: =K87-G87 -> 0 | Q87: =L87-H87 -> 0 | R87: =K87-I87 -> 0 | S87: =L87-J87 -> 0 | T87: 7. 경비 0.22% 감소
B88: (2) 국외매출원가 - CKD | C88: =C27*$H$64 -> #REF! | D88: =IF($G$68=0,"",C88/$G$68) -> #REF! | E88: =E27*$H$64/100 -> 0 | F88: =+IFERROR(E88/$E$68,0) -> 0 | G88: =G27*$H$64/100 -> 0 | H88: =IF($G$68=0,"",G88/$G$68) -> 0 | I88: =I27*$H$64/100 -> 0 | J88: =IF($I$68=0,"",I88/$I$68) -> 0 | K88: =K27*$H$64/100 -> 0 | L88: =IF($K$68=0,"",K88/$K$68) | M88: =IF(G88=0,"",K88/G88) | N88: =IF(I88=0,"",K88/I88) | P88: =K88-G88 -> 0 | Q88: =L88-H88 -> #VALUE! | R88: =K88-I88 -> 0 | S88: =L88-J88 -> #VALUE!
B89: Ⅲ. 매출총이익 | C89: =C28*$H$64 -> #REF! | D89: =+C89/$C$68 -> #REF! | E89: =E28*$H$64/100 -> 0 | F89: =+IFERROR(E89/$E$68,0) -> 0 | G89: =G28*$H$64/100 -> 1.7834289e+09 | H89: =IF($G$68=0,"",G89/$G$68) -> 0.20458523 | I89: =I28*$H$64/100 -> 2.5582922e+09 | J89: =IF($I$68=0,"",I89/$I$68) -> 0.22653173 | K89: =K28*$H$64/100 -> 0 | L89: =IF($K$68=0,"",K89/$K$68) | M89: =IF(G89=0,"",K89/G89) -> 0 | N89: =IF(I89=0,"",K89/I89) -> 0 | P89: =K89-G89 -> -1.7834289e+09 | Q89: =L89-H89 -> #VALUE! | R89: =K89-I89 -> -2.5582922e+09 | S89: =L89-J89 -> #VALUE!
B90: Ⅳ. 판매비와 관리비 | C90: =C29*$H$64 -> #REF! | D90: =+C90/$C$68 -> #REF! | E90: =E29*$H$64/100 -> 0 | F90: =+IFERROR(E90/$E$68,0) -> 0 | G90: =G29*$H$64/100 -> 1.0600084e+09 | H90: =IF($G$68=0,"",G90/$G$68) -> 0.12159838 | I90: =I29*$H$64/100 -> 1.2730862e+09 | J90: =IF($I$68=0,"",I90/$I$68) -> 0.11272927 | K90: =K29*$H$64/100 -> 0 | L90: =IF($K$68=0,"",K90/$K$68) | M90: =IF(G90=0,"",K90/G90) -> 0 | N90: =IF(I90=0,"",K90/I90) -> 0 | P90: =K90-G90 -> -1.0600084e+09 | Q90: =L90-H90 -> #VALUE! | R90: =K90-I90 -> -1.2730862e+09 | S90: =L90-J90 -> #VALUE!
B91: 01.급여 | C91: =C30*$H$64 -> #REF! | D91: =+C91/$C$68 -> #REF! | E91: =E30*$H$64/100 -> 0 | F91: =+IFERROR(E91/$E$68,0) -> 0 | G91: =G30*$H$64/100 -> 44869880 | H91: =IF($G$68=0,"",G91/$G$68) -> 0.0051472277 | I91: =I30*$H$64/100 -> 48459470 | J91: =IF($I$68=0,"",I91/$I$68) -> 0.0042909905 | K91: =K30*$H$64/100 -> 0 | L91: =IF($K$68=0,"",K91/$K$68) | M91: =IF(G91=0,"",K91/G91) -> 0 | N91: =IF(I91=0,"",K91/I91) -> 0 | P91: =K91-G91 -> -44869880 | Q91: =L91-H91 -> #VALUE! | R91: =K91-I91 -> -48459470 | S91: =L91-J91 -> #VALUE!
B92: '01.1 급여-4대보험 | F92: =+IFERROR(E92/$E$68,0) -> 0 | G92: =G31*$H$64/100 -> 4350850.9 | H92: =IF($G$68=0,"",G92/$G$68) -> 0.00049910586 | I92: =I31*$H$64/100 -> 4350850.9 | J92: =IF($I$68=0,"",I92/$I$68) -> 0.00038525927 | K92: =K31*$H$64/100 -> 0 | L92: =IF($K$68=0,"",K92/$K$68) | M92: =IF(G92=0,"",K92/G92) -> 0 | N92: =IF(I92=0,"",K92/I92) -> 0
B93: 02.잡급 | C93: =C32*$H$64 -> #REF! | D93: =+C93/$C$68 -> #REF! | E93: =E32*$H$64/100 -> 0 | F93: =+IFERROR(E93/$E$68,0) -> 0 | G93: =G32*$H$64/100 -> 14148200 | H93: =IF($G$68=0,"",G93/$G$68) -> 0.0016230043 | I93: =I32*$H$64/100 -> 14148200 | J93: =IF($I$68=0,"",I93/$I$68) -> 0.0012527952 | K93: =K32*$H$64/100 -> 0 | L93: =IF($K$68=0,"",K93/$K$68) | M93: =IF(G93=0,"",K93/G93) -> 0 | N93: =IF(I93=0,"",K93/I93) -> 0 | P93: =K93-G93 -> -14148200 | Q93: =L93-H93 -> #VALUE! | R93: =K93-I93 -> -14148200 | S93: =L93-J93 -> #VALUE!
B94: 03.퇴직급여 | C94: =C33*$H$64 -> #REF! | D94: =+C94/$C$68 -> #REF! | E94: =E33*$H$64/100 -> 0 | F94: =+IFERROR(E94/$E$68,0) -> 0 | G94: =G33*$H$64/100 -> 0 | H94: =IF($G$68=0,"",G94/$G$68) -> 0 | I94: =I33*$H$64/100 -> 0 | J94: =IF($I$68=0,"",I94/$I$68) -> 0 | K94: =K33*$H$64/100 -> 0 | L94: =IF($K$68=0,"",K94/$K$68) | M94: =IF(G94=0,"",K94/G94) | N94: =IF(I94=0,"",K94/I94) | P94: =K94-G94 -> 0 | Q94: =L94-H94 -> #VALUE! | R94: =K94-I94 -> 0 | S94: =L94-J94 -> #VALUE!
B95: 04.복리후생비 | C95: =C34*$H$64 -> #REF! | D95: =+C95/$C$68 -> #REF! | E95: =E34*$H$64/100 -> 0 | F95: =+IFERROR(E95/$E$68,0) -> 0 | G95: =G34*$H$64/100 -> 4823280 | H95: =IF($G$68=0,"",G95/$G$68) -> 0.00055330035 | I95: =I34*$H$64/100 -> 4823280 | J95: =IF($I$68=0,"",I95/$I$68) -> 0.00042709193 | K95: =K34*$H$64/100 -> 0 | L95: =IF($K$68=0,"",K95/$K$68) | M95: =IF(G95=0,"",K95/G95) -> 0 | N95: =IF(I95=0,"",K95/I95) -> 0 | P95: =K95-G95 -> -4823280 | Q95: =L95-H95 -> #VALUE! | R95: =K95-I95 -> -4823280 | S95: =L95-J95 -> #VALUE!
B96: 05.여비교통비 | C96: =C35*$H$64 -> #REF! | D96: =+C96/$C$68 -> #REF! | E96: =E35*$H$64/100 -> 0 | F96: =+IFERROR(E96/$E$68,0) -> 0 | G96: =G35*$H$64/100 -> 385000 | H96: =IF($G$68=0,"",G96/$G$68) -> 4.4165098e-05 | I96: =I35*$H$64/100 -> 385000 | J96: =IF($I$68=0,"",I96/$I$68) -> 3.4090991e-05 | K96: =K35*$H$64/100 -> 0 | L96: =IF($K$68=0,"",K96/$K$68) | M96: =IF(G96=0,"",K96/G96) -> 0 | N96: =IF(I96=0,"",K96/I96) -> 0 | P96: =K96-G96 -> -385000 | Q96: =L96-H96 -> #VALUE! | R96: =K96-I96 -> -385000 | S96: =L96-J96 -> #VALUE!
B97: 06.접대비 | C97: =C36*$H$64 -> #REF! | D97: =+C97/$C$68 -> #REF! | E97: =E36*$H$64/100 -> 0 | F97: =+IFERROR(E97/$E$68,0) -> 0 | G97: =G36*$H$64/100 -> 1100000 | H97: =IF($G$68=0,"",G97/$G$68) -> 0.00012618599 | I97: =I36*$H$64/100 -> 1100000 | J97: =IF($I$68=0,"",I97/$I$68) -> 9.7402831e-05 | K97: =K36*$H$64/100 -> 0 | L97: =IF($K$68=0,"",K97/$K$68) | M97: =IF(G97=0,"",K97/G97) -> 0 | N97: =IF(I97=0,"",K97/I97) -> 0 | P97: =K97-G97 -> -1100000 | Q97: =L97-H97 -> #VALUE! | R97: =K97-I97 -> -1100000 | S97: =L97-J97 -> #VALUE!
B98: 07.통신비 | C98: =C37*$H$64 -> #REF! | D98: =+C98/$C$68 -> #REF! | E98: =E37*$H$64/100 -> 0 | F98: =+IFERROR(E98/$E$68,0) -> 0 | G98: =G37*$H$64/100 -> 462000 | H98: =IF($G$68=0,"",G98/$G$68) -> 5.2998118e-05 | I98: =I37*$H$64/100 -> 462000 | J98: =IF($I$68=0,"",I98/$I$68) -> 4.0909189e-05 | K98: =K37*$H$64/100 -> 0 | L98: =IF($K$68=0,"",K98/$K$68) | M98: =IF(G98=0,"",K98/G98) -> 0 | N98: =IF(I98=0,"",K98/I98) -> 0 | P98: =K98-G98 -> -462000 | Q98: =L98-H98 -> #VALUE! | R98: =K98-I98 -> -462000 | S98: =L98-J98 -> #VALUE!
B99: 08.수도광열비 | C99: =C38*$H$64 -> #REF! | D99: =+C99/$C$68 -> #REF! | E99: =E38*$H$64/100 -> 0 | F99: =+IFERROR(E99/$E$68,0) -> 0 | G99: =G38*$H$64/100 -> 5868500 | H99: =IF($G$68=0,"",G99/$G$68) -> 0.00067320228 | I99: =I38*$H$64/100 -> 5868500 | J99: =IF($I$68=0,"",I99/$I$68) -> 0.0005196441 | K99: =K38*$H$64/100 -> 0 | L99: =IF($K$68=0,"",K99/$K$68) | M99: =IF(G99=0,"",K99/G99) -> 0 | N99: =IF(I99=0,"",K99/I99) -> 0 | P99: =K99-G99 -> -5868500 | Q99: =L99-H99 -> #VALUE! | R99: =K99-I99 -> -5868500 | S99: =L99-J99 -> #VALUE!
B100: 09.세금과공과 | C100: =C39*$H$64 -> #REF! | D100: =+C100/$C$68 -> #REF! | E100: =E39*$H$64/100 -> 0 | F100: =+IFERROR(E100/$E$68,0) -> 0 | G100: =G39*$H$64/100 -> 1375000 | H100: =IF($G$68=0,"",G100/$G$68) -> 0.00015773249 | I100: =I39*$H$64/100 -> 1375000 | J100: =IF($I$68=0,"",I100/$I$68) -> 0.00012175354 | K100: =K39*$H$64/100 -> 0 | L100: =IF($K$68=0,"",K100/$K$68) | M100: =IF(G100=0,"",K100/G100) -> 0 | N100: =IF(I100=0,"",K100/I100) -> 0 | P100: =K100-G100 -> -1375000 | Q100: =L100-H100 -> #VALUE! | R100: =K100-I100 -> -1375000 | S100: =L100-J100 -> #VALUE!
B101: 10.감가상각비 | C101: =C40*$H$64 -> #REF! | D101: =+C101/$C$68 -> #REF! | E101: =E40*$H$64/100 -> 0 | F101: =+IFERROR(E101/$E$68,0) -> 0 | G101: =G40*$H$64/100 -> 22288682 | H101: =IF($G$68=0,"",G101/$G$68) -> 0.0025568359 | I101: =I40*$H$64/100 -> 22288682 | J101: =IF($I$68=0,"",I101/$I$68) -> 0.0019736189 | K101: =K40*$H$64/100 -> 0 | L101: =IF($K$68=0,"",K101/$K$68) | M101: =IF(G101=0,"",K101/G101) -> 0 | N101: =IF(I101=0,"",K101/I101) -> 0 | P101: =K101-G101 -> -22288682 | Q101: =L101-H101 -> #VALUE! | R101: =K101-I101 -> -22288682 | S101: =L101-J101 -> #VALUE!
B102: 11.지급임차료 | C102: =C41*$H$64 -> #REF! | D102: =+C102/$C$68 -> #REF! | E102: =E41*$H$64/100 -> 0 | F102: =+IFERROR(E102/$E$68,0) -> 0 | G102: =G41*$H$64/100 -> 6923659.8 | H102: =IF($G$68=0,"",G102/$G$68) -> 0.00079424446 | I102: =I41*$H$64/100 -> 6923659.8 | J102: =IF($I$68=0,"",I102/$I$68) -> 0.00061307642 | K102: =K41*$H$64/100 -> 0 | L102: =IF($K$68=0,"",K102/$K$68) | M102: =IF(G102=0,"",K102/G102) -> 0 | N102: =IF(I102=0,"",K102/I102) -> 0 | P102: =K102-G102 -> -6923659.8 | Q102: =L102-H102 -> #VALUE! | R102: =K102-I102 -> -6923659.8 | S102: =L102-J102 -> #VALUE!
B103: 12.수선비 | C103: =C42*$H$64 -> #REF! | D103: =+C103/$C$68 -> #REF! | E103: =E42*$H$64/100 -> 0 | F103: =+IFERROR(E103/$E$68,0) -> 0 | G103: =G42*$H$64/100 -> 275000 | H103: =IF($G$68=0,"",G103/$G$68) -> 3.1546499e-05 | I103: =I42*$H$64/100 -> 275000 | J103: =IF($I$68=0,"",I103/$I$68) -> 2.4350708e-05 | K103: =K42*$H$64/100 -> 0 | L103: =IF($K$68=0,"",K103/$K$68) | M103: =IF(G103=0,"",K103/G103) -> 0 | N103: =IF(I103=0,"",K103/I103) -> 0 | P103: =K103-G103 -> -275000 | Q103: =L103-H103 -> #VALUE! | R103: =K103-I103 -> -275000 | S103: =L103-J103 -> #VALUE!
B104: 13.보험료 | C104: =C43*$H$64 -> #REF! | D104: =+C104/$C$68 -> #REF! | E104: =E43*$H$64/100 -> 0 | F104: =+IFERROR(E104/$E$68,0) -> 0 | G104: =G43*$H$64/100 -> 0 | H104: =IF($G$68=0,"",G104/$G$68) -> 0 | I104: =I43*$H$64/100 -> 0 | J104: =IF($I$68=0,"",I104/$I$68) -> 0 | K104: =K43*$H$64/100 -> 0 | L104: =IF($K$68=0,"",K104/$K$68) | M104: =IF(G104=0,"",K104/G104) | N104: =IF(I104=0,"",K104/I104) | P104: =K104-G104 -> 0 | Q104: =L104-H104 -> #VALUE! | R104: =K104-I104 -> 0 | S104: =L104-J104 -> #VALUE!
... B114: 23.무형자산상각비 | C114: =C53*$H$64 -> #REF! | D114: =+C114/$C$68 -> #REF! | E114: =E53*$H$64/100 -> 0 | F114: =+IFERROR(E114/$E$68,0) -> 0 | G114: =G53*$H$64/100 -> 24226.18 | H114: =IF($G$68=0,"",G114/$G$68) -> 2.7790951e-06 | I114: =I53*$H$64/100 -> 24226.18 | J114: =IF($I$68=0,"",I114/$I$68) -> 2.1451805e-06 | K114: =K53*$H$64/100 -> 0 | L114: =IF($K$68=0,"",K114/$K$68) | M114: =IF(G114=0,"",K114/G114) -> 0 | N114: =IF(I114=0,"",K114/I114) -> 0 | P114: =K114-G114 -> -24226.18 | Q114: =L114-H114 -> #VALUE! | R114: =K114-I114 -> -24226.18 | S114: =L114-J114 -> #VALUE!
B115: 24.수출비 | C115: =C54*$H$64 -> #REF! | D115: =+C115/$C$68 -> #REF! | E115: =E54*$H$64/100 -> 0 | F115: =+IFERROR(E115/$E$68,0) -> 0 | G115: =G54*$H$64/100 -> 3.1917129e+08 | H115: =IF($G$68=0,"",G115/$G$68) -> 0.036613588 | I115: =I54*$H$64/100 -> 3.5108842e+08 | J115: =IF($I$68=0,"",I115/$I$68) -> 0.031088187 | K115: =K54*$H$64/100 -> 0 | L115: =IF($K$68=0,"",K115/$K$68) | M115: =IF(G115=0,"",K115/G115) -> 0 | N115: =IF(I115=0,"",K115/I115) -> 0 | P115: =K115-G115 -> -3.1917129e+08 | Q115: =L115-H115 -> #VALUE! | R115: =K115-I115 -> -3.5108842e+08 | S115: =L115-J115 -> #VALUE! | T115: - SSCZ 수출물량 감소 - 물류비 감소
B116: 25.로열티 | C116: =C55*$H$64 -> #REF! | D116: =+C116/$C$68 -> #REF! | E116: =E55*$H$64/100 -> 0 | F116: =+IFERROR(E116/$E$68,0) -> 0 | G116: =G55*$H$64/100 -> 0 | H116: =IF($G$68=0,"",G116/$G$68) -> 0 | I116: =I55*$H$64/100 -> 0 | J116: =IF($I$68=0,"",I116/$I$68) -> 0 | K116: =K55*$H$64/100 -> 0 | L116: =IF($K$68=0,"",K116/$K$68) | M116: =IF(G116=0,"",K116/G116) | N116: =IF(I116=0,"",K116/I116) | P116: =K116-G116 -> 0 | Q116: =L116-H116 -> #VALUE! | R116: =K116-I116 -> 0 | S116: =L116-J116 -> #VALUE!
B117: 26.본사파견인건비 | C117: =C56*$H$64 -> #REF! | D117: =+C117/$C$68 -> #REF! | E117: =E56*$H$64/100 -> 0 | F117: =+IFERROR(E117/$E$68,0) -> 0 | G117: =G56*$H$64/100 -> 2200000 | H117: =IF($G$68=0,"",G117/$G$68) -> 0.00025237199 | I117: =I56*$H$64/100 -> 2200000 | J117: =IF($I$68=0,"",I117/$I$68) -> 0.00019480566 | K117: =K56*$H$64/100 -> 0 | L117: =IF($K$68=0,"",K117/$K$68) | M117: =IF(G117=0,"",K117/G117) -> 0 | N117: =IF(I117=0,"",K117/I117) -> 0 | P117: =K117-G117 -> -2200000 | Q117: =L117-H117 -> #VALUE! | R117: =K117-I117 -> -2200000 | S117: =L117-J117 -> #VALUE!
B118: 27.판매보증충당금 | D118: =+C118/$C$68 -> #REF! | E118: =E57*$H$64/100 -> 0 | F118: =+IFERROR(E118/$E$68,0) -> 0 | G118: =G57*$H$64/100 -> 2.6151872e+08 | H118: =IF($G$68=0,"",G118/$G$68) -> 0.03 | I118: =I57*$H$64/100 -> 3.3879919e+08 | J118: =IF($I$68=0,"",I118/$I$68) -> 0.03 | K118: =K57*$H$64/100 -> 0 | L118: =IF($K$68=0,"",K118/$K$68) | M118: =IF(G118=0,"",K118/G118) -> 0 | N118: =IF(I118=0,"",K118/I118) -> 0 | P118: =K118-G118 -> -2.6151872e+08 | Q118: =L118-H118 -> #VALUE! | R118: =K118-I118 -> -3.3879919e+08 | S118: =L118-J118 -> #VALUE!
B119: 28.기술개발충당금 | D119: =+C119/$C$68 -> #REF! | E119: =E58*$H$64/100 -> 0 | F119: =+IFERROR(E119/$E$68,0) -> 0 | G119: =G58*$H$64/100 -> 3.4869163e+08 | H119: =IF($G$68=0,"",G119/$G$68) -> 0.04 | I119: =I58*$H$64/100 -> 4.5173225e+08 | J119: =IF($I$68=0,"",I119/$I$68) -> 0.04 | K119: =K58*$H$64/100 -> 0 | L119: =IF($K$68=0,"",K119/$K$68) | M119: =IF(G119=0,"",K119/G119) -> 0 | N119: =IF(I119=0,"",K119/I119) -> 0 | P119: =K119-G119 -> -3.4869163e+08 | Q119: =L119-H119 -> #VALUE! | R119: =K119-I119 -> -4.5173225e+08 | S119: =L119-J119 -> #VALUE!
B120: 29.기타 | D120: =+C120/$C$68 -> #REF! | E120: =E59*$H$64/100 -> 0 | F120: =+IFERROR(E120/$E$68,0) -> 0 | G120: =G59*$H$64/100 -> 0 | H120: =IF($G$68=0,"",G120/$G$68) -> 0 | I120: =I59*$H$64/100 -> 0 | J120: =IF($I$68=0,"",I120/$I$68) -> 0 | K120: =K59*$H$64/100 -> 0 | P120: =K120-G120 -> 0 | Q120: =L120-H120 -> 0 | R120: =K120-I120 -> 0 | S120: =L120-J120 -> 0
B121: Ⅴ. 영업이익 | C121: =C60*$H$64 -> #REF! | D121: =IF($G$68=0,"",C121/$G$68) -> #REF! | E121: =E60*$H$64/100 -> 0 | F121: =+IFERROR(E121/$E$68,0) -> 0 | G121: =G60*$H$64/100 -> 7.2342051e+08 | H121: =IF($G$68=0,"",G121/$G$68) -> 0.082986851 | I121: =I60*$H$64/100 -> 1.285206e+09 | J121: =IF($I$68=0,"",I121/$I$68) -> 0.11380246 | K121: =K60*$H$64/100 -> 0 | L121: =IF($K$68=0,"",K121/$K$68) | M121: =IF(G121=0,"",K121/G121) -> 0 | N121: =IF(I121=0,"",K121/I121) -> 0 | P121: =K121-G121 -> -7.2342051e+08 | Q121: =L121-H121 -> #VALUE! | R121: =K121-I121 -> -1.285206e+09 | S121: =L121-J121 -> #VALUE!

Sheet 실적-MC 2026
B1: =+'실적-PL 2026'!B1 -> 7월 목표vs실적- 베트남 | I1: 월 | J1: =+'실적-PL 2026'!J1 -> 7
I2: 전월 | J2: =+IF(J1-1=0,12,J1-1) -> 6
B3: 제조원가명세서 (현지통화} | K3: =+K10+K11-#REF! -> #REF! | M3: (단위: VND )
B4: 계정과목 | C4: 전년동월 | E4: 전월 | G4: 사업목표 | I4: 운영목표 | K4: 실적 | M4: 달성율 | P4: 차이
P5: 사업목표 VS 실적 | R5: 운영목표 VS 실적 | T5: 요약 내용
C6: 금액 | D6: 비율 | E6: 금액 | F6: 비율 | G6: 금액 | H6: 비율 | I6: 금액 | J6: 비율 | K6: 금액 | L6: 비율 | M6: 사업목표 대비 | N6: 운영목표 대비 | P6: 금액 | Q6: 비율 | R6: 금액 | S6: 비율
B7: ★ 생 산 액 | C7: =+INDEX(#REF!,ROW('실적-MC 2026'!$B7),MATCH('실적-MC 2026'!$J$1,#REF!,0)) -> #REF! | D7: =+IFERROR(C7/$C$7,0) -> 0 | E7: =+INDEX('2026-실적-MC'!$T:$AQ,ROW('실적-MC 2026'!$B7),MATCH($J$2,'2026-실적-MC'!$T$1:$AQ$1,0)) -> 0 | F7: =+IFERROR(E7/$E$7,0) -> 0 | G7: =+INDEX('2026-사업계획-MC'!$T:$AQ,ROW('실적-MC 2026'!$B7),MATCH($J$1,'2026-사업계획-MC'!$T$1:$AQ$1,0)) -> 1.5849619e+11 | H7: =+IFERROR(G7/$G$7,0) -> 1 | I7: =+INDEX('2026-운영계획-MC'!$T:$AQ,ROW('실적-MC 2026'!$B7),MATCH($J$1,'2026-운영계획-MC'!$T$1:$AQ$1,0)) -> 1.9344133e+11 | J7: =+IFERROR(I7/$I$7,0) -> 1 | K7: =+INDEX('2026-실적-MC'!$O:$AL,ROW('실적-MC 2026'!$B7),MATCH($J$1,'2026-실적-MC'!$O$1:$AL$1,0)) -> 0 | L7: =+IFERROR(K7/$K$7,0) -> 0 | M7: =IF(G7=0,"",K7/G7) -> 0 | N7: =IF(I7=0,"",K7/I7) -> 0 | P7: =K7-G7 -> -1.5849619e+11 | Q7: =L7-H7 -> -1 | R7: =K7-I7 -> -1.9344133e+11 | S7: =L7-J7 -> -1
B8: Ⅰ.원재료비 | C8: =+INDEX(#REF!,ROW('실적-MC 2026'!$B8),MATCH('실적-MC 2026'!$J$1,#REF!,0)) -> #REF! | D8: =+IFERROR(C8/$C$7,0) -> 0 | E8: =+INDEX('2026-실적-MC'!$T:$AQ,ROW('실적-MC 2026'!$B8),MATCH($J$2,'2026-실적-MC'!$T$1:$AQ$1,0)) -> 0 | F8: =+IFERROR(E8/$E$7,0) -> 0 | G8: =+INDEX('2026-사업계획-MC'!$T:$AQ,ROW('실적-MC 2026'!$B8),MATCH($J$1,'2026-사업계획-MC'!$T$1:$AQ$1,0)) -> 1.0978891e+11 | H8: =+IFERROR(G8/$G$7,0) -> 0.69269114 | I8: =+INDEX('2026-운영계획-MC'!$T:$AQ,ROW('실적-MC 2026'!$B8),MATCH($J$1,'2026-운영계획-MC'!$T$1:$AQ$1,0)) -> 1.3927899e+11 | J8: =+IFERROR(I8/$I$7,0) -> 0.72000637 | K8: =+INDEX('2026-실적-MC'!$O:$AL,ROW('실적-MC 2026'!$B8),MATCH($J$1,'2026-실적-MC'!$O$1:$AL$1,0)) -> 0 | L8: =+IFERROR(K8/$K$7,0) -> 0 | M8: =IF(G8=0,"",K8/G8) -> 0 | N8: =IF(I8=0,"",K8/I8) -> 0 | P8: =K8-G8 -> -1.0978891e+11 | Q8: =L8-H8 -> -0.69269114 | R8: =K8-I8 -> -1.3927899e+11 | S8: =L8-J8 -> -0.72000637
B9: 01.기초원재료재고액 | C9: =+INDEX(#REF!,ROW('실적-MC 2026'!$B9),MATCH('실적-MC 2026'!$J$1,#REF!,0)) -> #REF! | D9: =+IFERROR(C9/$C$7,0) -> 0 | E9: =+INDEX('2026-실적-MC'!$T:$AQ,ROW('실적-MC 2026'!$B9),MATCH($J$2,'2026-실적-MC'!$T$1:$AQ$1,0)) -> 0 | G9: =+INDEX('2026-사업계획-MC'!$T:$AQ,ROW('실적-MC 2026'!$B9),MATCH($J$1,'2026-사업계획-MC'!$T$1:$AQ$1,0)) -> 0 | H9: =+IFERROR(G9/$G$7,0) -> 0 | I9: =+INDEX('2026-운영계획-MC'!$T:$AQ,ROW('실적-MC 2026'!$B9),MATCH($J$1,'2026-운영계획-MC'!$T$1:$AQ$1,0)) -> 0 | J9: =+IFERROR(I9/$I$7,0) -> 0 | K9: =+INDEX('2026-실적-MC'!$O:$AL,ROW('실적-MC 2026'!$B9),MATCH($J$1,'2026-실적-MC'!$O$1:$AL$1,0)) -> 0 | M9: =IF(G9=0,"",K9/G9) | N9: =IF(I9=0,"",K9/I9) | P9: =K9-G9 -> 0 | Q9: =L9-H9 -> 0 | R9: =K9-I9 -> 0 | S9: =L9-J9 -> 0
B10: 02.당기원재료매입액(CKD) | C10: =+INDEX(#REF!,ROW('실적-MC 2026'!$B10),MATCH('실적-MC 2026'!$J$1,#REF!,0)) -> #REF! | D10: =+IFERROR(C10/$C$7,0) -> 0 | E10: =+INDEX('2026-실적-MC'!$T:$AQ,ROW('실적-MC 2026'!$B10),MATCH($J$2,'2026-실적-MC'!$T$1:$AQ$1,0)) -> 0 | F10: =+IFERROR(E10/$E$7,0) -> 0 | G10: =+INDEX('2026-사업계획-MC'!$T:$AQ,ROW('실적-MC 2026'!$B10),MATCH($J$1,'2026-사업계획-MC'!$T$1:$AQ$1,0)) -> 7.393811e+10 | H10: =+IFERROR(G10/$G$7,0) -> 0.4664977 | I10: =+INDEX('2026-운영계획-MC'!$T:$AQ,ROW('실적-MC 2026'!$B10),MATCH($J$1,'2026-운영계획-MC'!$T$1:$AQ$1,0)) -> 9.3957636e+10 | J10: =+IFERROR(I10/$I$7,0) -> 0.48571645 | K10: =+INDEX('2026-실적-MC'!$O:$AL,ROW('실적-MC 2026'!$B10),MATCH($J$1,'2026-실적-MC'!$O$1:$AL$1,0)) -> 0 | L10: =+IFERROR(K10/$K$7,0) -> 0 | M10: =IF(G10=0,"",K10/G10) -> 0 | N10: =IF(I10=0,"",K10/I10) -> 0 | P10: =K10-G10 -> -7.393811e+10 | Q10: =L10-H10 -> -0.4664977 | R10: =K10-I10 -> -9.3957636e+10 | S10: =L10-J10 -> -0.48571645
B11: 03.당기원재료매입액(LP) | C11: =+INDEX(#REF!,ROW('실적-MC 2026'!$B11),MATCH('실적-MC 2026'!$J$1,#REF!,0)) -> #REF! | D11: =+IFERROR(C11/$C$7,0) -> 0 | E11: =+INDEX('2026-실적-MC'!$T:$AQ,ROW('실적-MC 2026'!$B11),MATCH($J$2,'2026-실적-MC'!$T$1:$AQ$1,0)) -> 0 | F11: =+IFERROR(E11/$E$7,0) -> 0 | G11: =+INDEX('2026-사업계획-MC'!$T:$AQ,ROW('실적-MC 2026'!$B11),MATCH($J$1,'2026-사업계획-MC'!$T$1:$AQ$1,0)) -> 3.5850799e+10 | H11: =+IFERROR(G11/$G$7,0) -> 0.22619343 | I11: =+INDEX('2026-운영계획-MC'!$T:$AQ,ROW('실적-MC 2026'!$B11),MATCH($J$1,'2026-운영계획-MC'!$T$1:$AQ$1,0)) -> 4.5321353e+10 | J11: =+IFERROR(I11/$I$7,0) -> 0.23428992 | K11: =+INDEX('2026-실적-MC'!$O:$AL,ROW('실적-MC 2026'!$B11),MATCH($J$1,'2026-실적-MC'!$O$1:$AL$1,0)) -> 0 | L11: =+IFERROR(K11/$K$7,0) -> 0 | M11: =IF(G11=0,"",K11/G11) -> 0 | N11: =IF(I11=0,"",K11/I11) -> 0 | P11: =K11-G11 -> -3.5850799e+10 | Q11: =L11-H11 -> -0.22619343 | R11: =K11-I11 -> -4.5321353e+10 | S11: =L11-J11 -> -0.23428992
B12: 04.기말원재료재고액 | C12: =+INDEX(#REF!,ROW('실적-MC 2026'!$B12),MATCH('실적-MC 2026'!$J$1,#REF!,0)) -> #REF! | D12: =+IFERROR(C12/$C$7,0) -> 0 | E12: =+INDEX('2026-실적-MC'!$T:$AQ,ROW('실적-MC 2026'!$B12),MATCH($J$2,'2026-실적-MC'!$T$1:$AQ$1,0)) -> 0 | G12: =+INDEX('2026-사업계획-MC'!$T:$AQ,ROW('실적-MC 2026'!$B12),MATCH($J$1,'2026-사업계획-MC'!$T$1:$AQ$1,0)) -> 0 | H12: =+IFERROR(G12/$G$7,0) -> 0 | I12: =+INDEX('2026-운영계획-MC'!$T:$AQ,ROW('실적-MC 2026'!$B12),MATCH($J$1,'2026-운영계획-MC'!$T$1:$AQ$1,0)) -> 0 | J12: =+IFERROR(I12/$I$7,0) -> 0 | K12: =+INDEX('2026-실적-MC'!$O:$AL,ROW('실적-MC 2026'!$B12),MATCH($J$1,'2026-실적-MC'!$O$1:$AL$1,0)) -> 0 | M12: =IF(G12=0,"",K12/G12) | N12: =IF(I12=0,"",K12/I12) | P12: =K12-G12 -> 0 | Q12: =L12-H12 -> 0 | R12: =K12-I12 -> 0 | S12: =L12-J12 -> 0
B13: Ⅱ. 노무비 | C13: =+INDEX(#REF!,ROW('실적-MC 2026'!$B13),MATCH('실적-MC 2026'!$J$1,#REF!,0)) -> #REF! | D13: =+IFERROR(C13/$C$7,0) -> 0 | E13: =+INDEX('2026-실적-MC'!$T:$AQ,ROW('실적-MC 2026'!$B13),MATCH($J$2,'2026-실적-MC'!$T$1:$AQ$1,0)) -> 0 | F13: =+IFERROR(E13/$E$7,0) -> 0 | G13: =+INDEX('2026-사업계획-MC'!$T:$AQ,ROW('실적-MC 2026'!$B13),MATCH($J$1,'2026-사업계획-MC'!$T$1:$AQ$1,0)) -> 6.8731684e+09 | H13: =+IFERROR(G13/$G$7,0) -> 0.04336488 | I13: =+INDEX('2026-운영계획-MC'!$T:$AQ,ROW('실적-MC 2026'!$B13),MATCH($J$1,'2026-운영계획-MC'!$T$1:$AQ$1,0)) -> 9.2574611e+09 | J13: =+IFERROR(I13/$I$7,0) -> 0.047856687 | K13: =+INDEX('2026-실적-MC'!$O:$AL,ROW('실적-MC 2026'!$B13),MATCH($J$1,'2026-실적-MC'!$O$1:$AL$1,0)) -> 0 | L13: =+IFERROR(K13/$K$7,0) -> 0 | M13: =IF(G13=0,"",K13/G13) -> 0 | N13: =IF(I13=0,"",K13/I13) -> 0 | P13: =K13-G13 -> -6.8731684e+09 | Q13: =L13-H13 -> -0.04336488 | R13: =K13-I13 -> -9.2574611e+09 | S13: =L13-J13 -> -0.047856687
B14: 01.급여 | C14: =+INDEX(#REF!,ROW('실적-MC 2026'!$B14),MATCH('실적-MC 2026'!$J$1,#REF!,0)) -> #REF! | D14: =+IFERROR(C14/$C$7,0) -> 0 | E14: =+INDEX('2026-실적-MC'!$T:$AQ,ROW('실적-MC 2026'!$B14),MATCH($J$2,'2026-실적-MC'!$T$1:$AQ$1,0)) -> 0 | F14: =+IFERROR(E14/$E$7,0) -> 0 | G14: =+INDEX('2026-사업계획-MC'!$T:$AQ,ROW('실적-MC 2026'!$B14),MATCH($J$1,'2026-사업계획-MC'!$T$1:$AQ$1,0)) -> 5.9916981e+09 | H14: =+IFERROR(G14/$G$7,0) -> 0.037803419 | I14: =+INDEX('2026-운영계획-MC'!$T:$AQ,ROW('실적-MC 2026'!$B14),MATCH($J$1,'2026-운영계획-MC'!$T$1:$AQ$1,0)) -> 8.5082113e+09 | J14: =+IFERROR(I14/$I$7,0) -> 0.043983421 | K14: =+INDEX('2026-실적-MC'!$O:$AL,ROW('실적-MC 2026'!$B14),MATCH($J$1,'2026-실적-MC'!$O$1:$AL$1,0)) -> 0 | L14: =+IFERROR(K14/$K$7,0) -> 0 | M14: =IF(G14=0,"",K14/G14) -> 0 | N14: =IF(I14=0,"",K14/I14) -> 0 | P14: =K14-G14 -> -5.9916981e+09 | Q14: =L14-H14 -> -0.037803419 | R14: =K14-I14 -> -8.5082113e+09 | S14: =L14-J14 -> -0.043983421
B15: 02.급여-4대보험 | C15: =+INDEX(#REF!,ROW('실적-MC 2026'!$B15),MATCH('실적-MC 2026'!$J$1,#REF!,0)) -> #REF! | D15: =+IFERROR(C15/$C$7,0) -> 0 | E15: =+INDEX('2026-실적-MC'!$T:$AQ,ROW('실적-MC 2026'!$B15),MATCH($J$2,'2026-실적-MC'!$T$1:$AQ$1,0)) -> 0 | F15: =+IFERROR(E15/$E$7,0) -> 0 | G15: =+INDEX('2026-사업계획-MC'!$T:$AQ,ROW('실적-MC 2026'!$B15),MATCH($J$1,'2026-사업계획-MC'!$T$1:$AQ$1,0)) -> 881470280 | H15: =+IFERROR(G15/$G$7,0) -> 0.0055614602 | I15: =+INDEX('2026-운영계획-MC'!$T:$AQ,ROW('실적-MC 2026'!$B15),MATCH($J$1,'2026-운영계획-MC'!$T$1:$AQ$1,0)) -> 749249738 | J15: =+IFERROR(I15/$I$7,0) -> 0.0038732661 | K15: =+INDEX('2026-실적-MC'!$O:$AL,ROW('실적-MC 2026'!$B15),MATCH($J$1,'2026-실적-MC'!$O$1:$AL$1,0)) -> 0 | L15: =+IFERROR(K15/$K$7,0) -> 0 | M15: =IF(G15=0,"",K15/G15) -> 0 | N15: =IF(I15=0,"",K15/I15) -> 0 | P15: =K15-G15 -> -881470280 | Q15: =L15-H15 -> -0.0055614602 | R15: =K15-I15 -> -749249738 | S15: =L15-J15 -> -0.0038732661
B16: 03.퇴직급여 | C16: =+INDEX(#REF!,ROW('실적-MC 2026'!$B16),MATCH('실적-MC 2026'!$J$1,#REF!,0)) -> #REF! | D16: =+IFERROR(C16/$C$7,0) -> 0 | E16: =+INDEX('2026-실적-MC'!$T:$AQ,ROW('실적-MC 2026'!$B16),MATCH($J$2,'2026-실적-MC'!$T$1:$AQ$1,0)) -> 0 | F16: =+IFERROR(E16/$E$7,0) -> 0 | G16: =+INDEX('2026-사업계획-MC'!$T:$AQ,ROW('실적-MC 2026'!$B16),MATCH($J$1,'2026-사업계획-MC'!$T$1:$AQ$1,0)) -> 0 | H16: =+IFERROR(G16/$G$7,0) -> 0 | I16: =+INDEX('2026-운영계획-MC'!$T:$AQ,ROW('실적-MC 2026'!$B16),MATCH($J$1,'2026-운영계획-MC'!$T$1:$AQ$1,0)) -> 0 | J16: =+IFERROR(I16/$I$7,0) -> 0 | K16: =+INDEX('2026-실적-MC'!$O:$AL,ROW('실적-MC 2026'!$B16),MATCH($J$1,'2026-실적-MC'!$O$1:$AL$1,0)) -> 0 | L16: =+IFERROR(K16/$K$7,0) -> 0 | M16: =IF(G16=0,"",K16/G16) | N16: =IF(I16=0,"",K16/I16) | P16: =K16-G16 -> 0 | Q16: =L16-H16 -> 0 | R16: =K16-I16 -> 0 | S16: =L16-J16 -> 0
B17: 04.잡급 | C17: =+INDEX(#REF!,ROW('실적-MC 2026'!$B17),MATCH('실적-MC 2026'!$J$1,#REF!,0)) -> #REF! | D17: =+IFERROR(C17/$C$7,0) -> 0 | E17: =+INDEX('2026-실적-MC'!$T:$AQ,ROW('실적-MC 2026'!$B17),MATCH($J$2,'2026-실적-MC'!$T$1:$AQ$1,0)) -> 0 | F17: =+IFERROR(E17/$E$7,0) -> 0 | G17: =+INDEX('2026-사업계획-MC'!$T:$AQ,ROW('실적-MC 2026'!$B17),MATCH($J$1,'2026-사업계획-MC'!$T$1:$AQ$1,0)) -> 0 | H17: =+IFERROR(G17/$G$7,0) -> 0 | I17: =+INDEX('2026-운영계획-MC'!$T:$AQ,ROW('실적-MC 2026'!$B17),MATCH($J$1,'2026-운영계획-MC'!$T$1:$AQ$1,0)) -> 0 | J17: =+IFERROR(I17/$I$7,0) -> 0 | K17: =+INDEX('2026-실적-MC'!$O:$AL,ROW('실적-MC 2026'!$B17),MATCH($J$1,'2026-실적-MC'!$O$1:$AL$1,0)) -> 0 | L17: =+IFERROR(K17/$K$7,0) -> 0 | M17: =IF(G17=0,"",K17/G17) | N17: =IF(I17=0,"",K17/I17) | P17: =K17-G17 -> 0 | Q17: =L17-H17 -> 0 | R17: =K17-I17 -> 0 | S17: =L17-J17 -> 0
B18: 05.조립비 | C18: =+INDEX(#REF!,ROW('실적-MC 2026'!$B18),MATCH('실적-MC 2026'!$J$1,#REF!,0)) -> #REF! | D18: =+IFERROR(C18/$C$7,0) -> 0 | E18: =+INDEX('2026-실적-MC'!$T:$AQ,ROW('실적-MC 2026'!$B18),MATCH($J$2,'2026-실적-MC'!$T$1:$AQ$1,0)) -> 0 | F18: =+IFERROR(E18/$E$7,0) -> 0 | G18: =+INDEX('2026-사업계획-MC'!$T:$AQ,ROW('실적-MC 2026'!$B18),MATCH($J$1,'2026-사업계획-MC'!$T$1:$AQ$1,0)) -> 0 | H18: =+IFERROR(G18/$G$7,0) -> 0 | I18: =+INDEX('2026-운영계획-MC'!$T:$AQ,ROW('실적-MC 2026'!$B18),MATCH($J$1,'2026-운영계획-MC'!$T$1:$AQ$1,0)) -> 0 | J18: =+IFERROR(I18/$I$7,0) -> 0 | K18: =+INDEX('2026-실적-MC'!$O:$AL,ROW('실적-MC 2026'!$B18),MATCH($J$1,'2026-실적-MC'!$O$1:$AL$1,0)) -> 0 | L18: =+IFERROR(K18/$K$7,0) -> 0 | M18: =IF(G18=0,"",K18/G18) | N18: =IF(I18=0,"",K18/I18) | P18: =K18-G18 -> 0 | Q18: =L18-H18 -> 0 | R18: =K18-I18 -> 0 | S18: =L18-J18 -> 0
B19: Ⅲ. 경비 | C19: =+INDEX(#REF!,ROW('실적-MC 2026'!$B19),MATCH('실적-MC 2026'!$J$1,#REF!,0)) -> #REF! | D19: =+IFERROR(C19/$C$7,0) -> 0 | E19: =+INDEX('2026-실적-MC'!$T:$AQ,ROW('실적-MC 2026'!$B19),MATCH($J$2,'2026-실적-MC'!$T$1:$AQ$1,0)) -> 0 | F19: =+IFERROR(E19/$E$7,0) -> 0 | G19: =+INDEX('2026-사업계획-MC'!$T:$AQ,ROW('실적-MC 2026'!$B19),MATCH($J$1,'2026-사업계획-MC'!$T$1:$AQ$1,0)) -> 9.4081368e+09 | H19: =+IFERROR(G19/$G$7,0) -> 0.059358755 | I19: =+INDEX('2026-운영계획-MC'!$T:$AQ,ROW('실적-MC 2026'!$B19),MATCH($J$1,'2026-운영계획-MC'!$T$1:$AQ$1,0)) -> 1.0281987e+10 | J19: =+IFERROR(I19/$I$7,0) -> 0.053153002 | K19: =+INDEX('2026-실적-MC'!$O:$AL,ROW('실적-MC 2026'!$B19),MATCH($J$1,'2026-실적-MC'!$O$1:$AL$1,0)) -> 0 | L19: =+IFERROR(K19/$K$7,0) -> 0 | M19: =IF(G19=0,"",K19/G19) -> 0 | N19: =IF(I19=0,"",K19/I19) -> 0 | P19: =K19-G19 -> -9.4081368e+09 | Q19: =L19-H19 -> -0.059358755 | R19: =K19-I19 -> -1.0281987e+10 | S19: =L19-J19 -> -0.053153002
B20: 01.복리후생비 | C20: =+INDEX(#REF!,ROW('실적-MC 2026'!$B20),MATCH('실적-MC 2026'!$J$1,#REF!,0)) -> #REF! | D20: =+IFERROR(C20/$C$7,0) -> 0 | E20: =+INDEX('2026-실적-MC'!$T:$AQ,ROW('실적-MC 2026'!$B20),MATCH($J$2,'2026-실적-MC'!$T$1:$AQ$1,0)) -> 0 | F20: =+IFERROR(E20/$E$7,0) -> 0 | G20: =+INDEX('2026-사업계획-MC'!$T:$AQ,ROW('실적-MC 2026'!$B20),MATCH($J$1,'2026-사업계획-MC'!$T$1:$AQ$1,0)) -> 999328460 | H20: =+IFERROR(G20/$G$7,0) -> 0.0063050628 | I20: =+INDEX('2026-운영계획-MC'!$T:$AQ,ROW('실적-MC 2026'!$B20),MATCH($J$1,'2026-운영계획-MC'!$T$1:$AQ$1,0)) -> 1199194152 | J20: =+IFERROR(I20/$I$7,0) -> 0.0061992655 | K20: =+INDEX('2026-실적-MC'!$O:$AL,ROW('실적-MC 2026'!$B20),MATCH($J$1,'2026-실적-MC'!$O$1:$AL$1,0)) -> 0 | L20: =+IFERROR(K20/$K$7,0) -> 0 | M20: =IF(G20=0,"",K20/G20) -> 0 | N20: =IF(I20=0,"",K20/I20) -> 0 | P20: =K20-G20 -> -999328460 | Q20: =L20-H20 -> -0.0063050628 | R20: =K20-I20 -> -1199194152 | S20: =L20-J20 -> -0.0061992655
B21: 02.여비교통비 | C21: =+INDEX(#REF!,ROW('실적-MC 2026'!$B21),MATCH('실적-MC 2026'!$J$1,#REF!,0)) -> #REF! | D21: =+IFERROR(C21/$C$7,0) -> 0 | E21: =+INDEX('2026-실적-MC'!$T:$AQ,ROW('실적-MC 2026'!$B21),MATCH($J$2,'2026-실적-MC'!$T$1:$AQ$1,0)) -> 0 | F21: =+IFERROR(E21/$E$7,0) -> 0 | G21: =+INDEX('2026-사업계획-MC'!$T:$AQ,ROW('실적-MC 2026'!$B21),MATCH($J$1,'2026-사업계획-MC'!$T$1:$AQ$1,0)) -> 0 | H21: =+IFERROR(G21/$G$7,0) -> 0 | I21: =+INDEX('2026-운영계획-MC'!$T:$AQ,ROW('실적-MC 2026'!$B21),MATCH($J$1,'2026-운영계획-MC'!$T$1:$AQ$1,0)) -> 0 | J21: =+IFERROR(I21/$I$7,0) -> 0 | K21: =+INDEX('2026-실적-MC'!$O:$AL,ROW('실적-MC 2026'!$B21),MATCH($J$1,'2026-실적-MC'!$O$1:$AL$1,0)) -> 0 | L21: =+IFERROR(K21/$K$7,0) -> 0 | M21: =IF(G21=0,"",K21/G21) | N21: =IF(I21=0,"",K21/I21) | P21: =K21-G21 -> 0 | Q21: =L21-H21 -> 0 | R21: =K21-I21 -> 0 | S21: =L21-J21 -> 0
B22: 03.접대비 | C22: =+INDEX(#REF!,ROW('실적-MC 2026'!$B22),MATCH('실적-MC 2026'!$J$1,#REF!,0)) -> #REF! | D22: =+IFERROR(C22/$C$7,0) -> 0 | E22: =+INDEX('2026-실적-MC'!$T:$AQ,ROW('실적-MC 2026'!$B22),MATCH($J$2,'2026-실적-MC'!$T$1:$AQ$1,0)) -> 0 | F22: =+IFERROR(E22/$E$7,0) -> 0 | G22: =+INDEX('2026-사업계획-MC'!$T:$AQ,ROW('실적-MC 2026'!$B22),MATCH($J$1,'2026-사업계획-MC'!$T$1:$AQ$1,0)) -> 0 | H22: =+IFERROR(G22/$G$7,0) -> 0 | I22: =+INDEX('2026-운영계획-MC'!$T:$AQ,ROW('실적-MC 2026'!$B22),MATCH($J$1,'2026-운영계획-MC'!$T$1:$AQ$1,0)) -> 0 | J22: =+IFERROR(I22/$I$7,0) -> 0 | K22: =+INDEX('2026-실적-MC'!$O:$AL,ROW('실적-MC 2026'!$B22),MATCH($J$1,'2026-실적-MC'!$O$1:$AL$1,0)) -> 0 | L22: =+IFERROR(K22/$K$7,0) -> 0 | M22: =IF(G22=0,"",K22/G22) | N22: =IF(I22=0,"",K22/I22) | P22: =K22-G22 -> 0 | Q22: =L22-H22 -> 0 | R22: =K22-I22 -> 0 | S22: =L22-J22 -> 0
B23: 04.통신비 | C23: =+INDEX(#REF!,ROW('실적-MC 2026'!$B23),MATCH('실적-MC 2026'!$J$1,#REF!,0)) -> #REF! | D23: =+IFERROR(C23/$C$7,0) -> 0 | E23: =+INDEX('2026-실적-MC'!$T:$AQ,ROW('실적-MC 2026'!$B23),MATCH($J$2,'2026-실적-MC'!$T$1:$AQ$1,0)) -> 0 | F23: =+IFERROR(E23/$E$7,0) -> 0 | G23: =+INDEX('2026-사업계획-MC'!$T:$AQ,ROW('실적-MC 2026'!$B23),MATCH($J$1,'2026-사업계획-MC'!$T$1:$AQ$1,0)) -> 0 | H23: =+IFERROR(G23/$G$7,0) -> 0 | I23: =+INDEX('2026-운영계획-MC'!$T:$AQ,ROW('실적-MC 2026'!$B23),MATCH($J$1,'2026-운영계획-MC'!$T$1:$AQ$1,0)) -> 0 | J23: =+IFERROR(I23/$I$7,0) -> 0 | K23: =+INDEX('2026-실적-MC'!$O:$AL,ROW('실적-MC 2026'!$B23),MATCH($J$1,'2026-실적-MC'!$O$1:$AL$1,0)) -> 0 | L23: =+IFERROR(K23/$K$7,0) -> 0 | M23: =IF(G23=0,"",K23/G23) | N23: =IF(I23=0,"",K23/I23) | P23: =K23-G23 -> 0 | Q23: =L23-H23 -> 0 | R23: =K23-I23 -> 0 | S23: =L23-J23 -> 0
B24: 05.전력비 | C24: =+INDEX(#REF!,ROW('실적-MC 2026'!$B24),MATCH('실적-MC 2026'!$J$1,#REF!,0)) -> #REF! | D24: =+IFERROR(C24/$C$7,0) -> 0 | E24: =+INDEX('2026-실적-MC'!$T:$AQ,ROW('실적-MC 2026'!$B24),MATCH($J$2,'2026-실적-MC'!$T$1:$AQ$1,0)) -> 0 | F24: =+IFERROR(E24/$E$7,0) -> 0 | G24: =+INDEX('2026-사업계획-MC'!$T:$AQ,ROW('실적-MC 2026'!$B24),MATCH($J$1,'2026-사업계획-MC'!$T$1:$AQ$1,0)) -> 320000000 | H24: =+IFERROR(G24/$G$7,0) -> 0.0020189759 | I24: =+INDEX('2026-운영계획-MC'!$T:$AQ,ROW('실적-MC 2026'!$B24),MATCH($J$1,'2026-운영계획-MC'!$T$1:$AQ$1,0)) -> 320000000 | J24: =+IFERROR(I24/$I$7,0) -> 0.0016542484 | K24: =+INDEX('2026-실적-MC'!$O:$AL,ROW('실적-MC 2026'!$B24),MATCH($J$1,'2026-실적-MC'!$O$1:$AL$1,0)) -> 0 | L24: =+IFERROR(K24/$K$7,0) -> 0 | M24: =IF(G24=0,"",K24/G24) -> 0 | N24: =IF(I24=0,"",K24/I24) -> 0 | P24: =K24-G24 -> -320000000 | Q24: =L24-H24 -> -0.0020189759 | R24: =K24-I24 -> -320000000 | S24: =L24-J24 -> -0.0016542484
... B40: 21.부재료비 | C40: =+INDEX(#REF!,ROW('실적-MC 2026'!$B40),MATCH('실적-MC 2026'!$J$1,#REF!,0)) -> #REF! | D40: =+IFERROR(C40/$C$7,0) -> 0 | E40: =+INDEX('2026-실적-MC'!$T:$AQ,ROW('실적-MC 2026'!$B40),MATCH($J$2,'2026-실적-MC'!$T$1:$AQ$1,0)) -> 0 | F40: =+IFERROR(E40/$E$7,0) -> 0 | G40: =+INDEX('2026-사업계획-MC'!$T:$AQ,ROW('실적-MC 2026'!$B40),MATCH($J$1,'2026-사업계획-MC'!$T$1:$AQ$1,0)) -> 3.3699239e+09 | H40: =+IFERROR(G40/$G$7,0) -> 0.02126186 | I40: =+INDEX('2026-운영계획-MC'!$T:$AQ,ROW('실적-MC 2026'!$B40),MATCH($J$1,'2026-운영계획-MC'!$T$1:$AQ$1,0)) -> 4.0439087e+09 | J40: =+IFERROR(I40/$I$7,0) -> 0.020905091 | K40: =+INDEX('2026-실적-MC'!$O:$AL,ROW('실적-MC 2026'!$B40),MATCH($J$1,'2026-실적-MC'!$O$1:$AL$1,0)) -> 0 | L40: =+IFERROR(K40/$K$7,0) -> 0 | M40: =IF(G40=0,"",K40/G40) -> 0 | N40: =IF(I40=0,"",K40/I40) -> 0 | P40: =K40-G40 -> -3.3699239e+09 | Q40: =L40-H40 -> -0.02126186 | R40: =K40-I40 -> -4.0439087e+09 | S40: =L40-J40 -> -0.020905091
B41: Ⅴ. 당기제품제조원가 | C41: =SUM(C8+C13+C19) -> #REF! | D41: =+IFERROR(C41/$C$7,0) -> 0 | E41: =+INDEX('2026-실적-MC'!$T:$AQ,ROW('실적-MC 2026'!$B41),MATCH($J$2,'2026-실적-MC'!$T$1:$AQ$1,0)) -> 0 | F41: =+IFERROR(E41/$E$7,0) -> 0 | G41: =+INDEX('2026-사업계획-MC'!$T:$AQ,ROW('실적-MC 2026'!$B41),MATCH($J$1,'2026-사업계획-MC'!$T$1:$AQ$1,0)) -> 1.2607021e+11 | H41: =+IFERROR(G41/$G$7,0) -> 0.79541477 | I41: =+INDEX('2026-운영계획-MC'!$T:$AQ,ROW('실적-MC 2026'!$B41),MATCH($J$1,'2026-운영계획-MC'!$T$1:$AQ$1,0)) -> 1.5881844e+11 | J41: =+IFERROR(I41/$I$7,0) -> 0.82101606 | K41: =+INDEX('2026-실적-MC'!$O:$AL,ROW('실적-MC 2026'!$B41),MATCH($J$1,'2026-실적-MC'!$O$1:$AL$1,0)) -> 0 | L41: =+IFERROR(K41/$K$7,0) -> 0 | M41: =IF(G41=0,"",K41/G41) -> 0 | N41: =IF(I41=0,"",K41/I41) -> 0 | P41: =K41-G41 -> -1.2607021e+11 | Q41: =L41-H41 -> -0.79541477 | R41: =K41-I41 -> -1.5881844e+11 | S41: =L41-J41 -> -0.82101606
B43: =B1 -> 7월 목표vs실적- 베트남
B45: 제조원가명세서(원화) | G45: 적용환율: | H45: 5.5 | M45: (단위: 천원 )
B46: 계정과목 | C46: 전년동월 | E46: 전월 | G46: 사업목표 | I46: 운영목표 | K46: 실적 | M46: 달성율 | P46: 차이
P47: 사업목표 VS 실적 | R47: 운영목표 VS 실적 | T47: 요약 내용
C48: 금액 | D48: 비율 | E48: 금액 | F48: 비율 | G48: 금액 | H48: 비율 | I48: 금액 | J48: 비율 | K48: 금액 | L48: 비율 | M48: 사업목표 대비 | N48: 운영목표 대비 | P48: 금액 | Q48: 비율 | R48: 금액 | S48: 비율
B49: ★ 생 산 액 | C49: =+C7*$H$45/100 -> #REF! | E49: =+E7*$H$45/100 -> 0 | G49: =+G7*$H$45/100 -> 8.7172907e+09 | I49: =+I7*$H$45/100 -> 1.0639273e+10 | K49: =+K7*$H$45/100 -> 0 | M49: =IF(G49=0,"",K49/G49) -> 0 | N49: =IF(I49=0,"",K49/I49) -> 0 | P49: =K49-G49 -> -8.7172907e+09 | Q49: =L49-H49 -> 0 | R49: =K49-I49 -> -1.0639273e+10 | S49: =L49-J49 -> 0
B50: Ⅰ.원재료비 | C50: =+C8*$H$45/100 -> #REF! | D50: =IF($C$49=0,"",C50/C$49) -> #REF! | E50: =+E8*$H$45/100 -> 0 | G50: =+G8*$H$45/100 -> 6.03839e+09 | H50: =IF($G$49=0,"",G50/G$49) -> 0.69269114 | I50: =+I8*$H$45/100 -> 7.6603444e+09 | J50: =IF($I$49=0,"",I50/I$49) -> 0.72000637 | K50: =+K8*$H$45/100 -> 0 | L50: =IF($K$49=0,"",K50/K$49) | M50: =IF(G50=0,"",K50/G50) -> 0 | N50: =IF(I50=0,"",K50/I50) -> 0 | P50: =K50-G50 -> -6.03839e+09 | Q50: =L50-H50 -> #VALUE! | R50: =K50-I50 -> -7.6603444e+09 | S50: =L50-J50 -> #VALUE! | T50: 수율 목표 운영 대비 0.12% 증가
B51: 01.기초원재료재고액 | C51: =+C9*$H$45/100 -> #REF! | E51: =+E9*$H$45/100 -> 0 | G51: =+G9*$H$45/100 -> 0 | I51: =+I9*$H$45/100 -> 0 | K51: =+K9*$H$45/100 -> 0 | M51: =IF(G51=0,"",K51/G51) | N51: =IF(I51=0,"",K51/I51) | P51: =K51-G51 -> 0 | Q51: =L51-H51 -> 0 | R51: =K51-I51 -> 0 | S51: =L51-J51 -> 0 | T51: 1. 판가변동 - 0.0% 영향.
B52: 02.당기원재료매입액(CKD) | C52: =+C10*$H$45/100 -> #REF! | D52: =+C52/C$49 -> #REF! | E52: =+E10*$H$45/100 -> 0 | F52: =+IFERROR(E52/E$49,0) -> 0 | G52: =+G10*$H$45/100 -> 4.0665961e+09 | H52: =+G52/G$49 -> 0.4664977 | I52: =+I10*$H$45/100 -> 5.16767e+09 | J52: =+I52/I$49 -> 0.48571645 | K52: =+K10*$H$45/100 -> 0 | L52: =+IFERROR(K52/K$49,0) -> 0 | M52: =IF(G52=0,"",K52/G52) -> 0 | N52: =IF(I52=0,"",K52/I52) -> 0 | P52: =K52-G52 -> -4.0665961e+09 | Q52: =L52-H52 -> -0.4664977 | R52: =K52-I52 -> -5.16767e+09 | S52: =L52-J52 -> -0.48571645 | T52: 2. 환율변동 관련 -0.0% 하락
B53: 03.당기원재료매입액(LP) | C53: =+C11*$H$45/100 -> #REF! | D53: =+C53/C$49 -> #REF! | E53: =+E11*$H$45/100 -> 0 | F53: =+IFERROR(E53/E$49,0) -> 0 | G53: =+G11*$H$45/100 -> 1.9717939e+09 | H53: =+G53/G$49 -> 0.22619343 | I53: =+I11*$H$45/100 -> 2.4926744e+09 | J53: =+I53/I$49 -> 0.23428992 | K53: =+K11*$H$45/100 -> 0 | L53: =+IFERROR(K53/K$49,0) -> 0 | M53: =IF(G53=0,"",K53/G53) -> 0 | N53: =IF(I53=0,"",K53/I53) -> 0 | P53: =K53-G53 -> -1.9717939e+09 | Q53: =L53-H53 -> -0.22619343 | R53: =K53-I53 -> -2.4926744e+09 | S53: =L53-J53 -> -0.23428992 | T53: 3. 생산변동으로 - 0.12% 증가(멕시코, 인도 생산비율 변동)
B54: 04.기말원재료재고액 | C54: =+C12*$H$45/100 -> #REF! | E54: =+E12*$H$45/100 -> 0 | G54: =+G12*$H$45/100 -> 0 | H54: =+G54/G$49 -> 0 | I54: =+I12*$H$45/100 -> 0 | K54: =+K12*$H$45/100 -> 0 | M54: =IF(G54=0,"",K54/G54) | N54: =IF(I54=0,"",K54/I54) | P54: =K54-G54 -> 0 | Q54: =L54-H54 -> 0 | R54: =K54-I54 -> 0 | S54: =L54-J54 -> 0 | T54: 4. 부품가 상승 - 0.0% 감소(철판 원자재가 변동관련 인하)
B55: Ⅱ. 노무비 | C55: =+C13*$H$45/100 -> #REF! | D55: =IF($C$49=0,"",C55/C$49) -> #REF! | E55: =+E13*$H$45/100 -> 0 | G55: =+G13*$H$45/100 -> 3.7802426e+08 | H55: =IF($G$49=0,"",G55/G$49) -> 0.04336488 | I55: =+I13*$H$45/100 -> 5.0916036e+08 | J55: =IF($I$49=0,"",I55/I$49) -> 0.047856687 | K55: =+K13*$H$45/100 -> 0 | L55: =IF($K$49=0,"",K55/K$49) | M55: =IF(G55=0,"",K55/G55) -> 0 | N55: =IF(I55=0,"",K55/I55) -> 0 | P55: =K55-G55 -> -3.7802426e+08 | Q55: =L55-H55 -> #VALUE! | R55: =K55-I55 -> -5.0916036e+08 | S55: =L55-J55 -> #VALUE! | T55: 5. 노무비 0.3% 증가.
B56: 01.급여 | C56: =+C14*$H$45/100 -> #REF! | D56: =+C56/C$49 -> #REF! | E56: =+E14*$H$45/100 -> 0 | F56: =+IFERROR(E56/E$49,0) -> 0 | G56: =+G14*$H$45/100 -> 3.295434e+08 | H56: =+G56/G$49 -> 0.037803419 | I56: =+I14*$H$45/100 -> 4.6795162e+08 | J56: =+I56/I$49 -> 0.043983421 | K56: =+K14*$H$45/100 -> 0 | L56: =+IFERROR(K56/K$49,0) -> 0 | M56: =IF(G56=0,"",K56/G56) -> 0 | N56: =IF(I56=0,"",K56/I56) -> 0 | P56: =K56-G56 -> -3.295434e+08 | Q56: =L56-H56 -> -0.037803419 | R56: =K56-I56 -> -4.6795162e+08 | S56: =L56-J56 -> -0.043983421 | T56: - SSMX 반제품 생산비율 증가 및 미니버클 2중검사 관련 노무비 급증.
B57: 02.급여-4대보험 | C57: =+C15*$H$45/100 -> #REF! | D57: =+C57/C$49 -> #REF! | E57: =+E15*$H$45/100 -> 0 | F57: =+IFERROR(E57/E$49,0) -> 0 | G57: =+G15*$H$45/100 -> 48480865 | H57: =+G57/G$49 -> 0.0055614602 | I57: =+I15*$H$45/100 -> 41208736 | J57: =+I57/I$49 -> 0.0038732661 | K57: =+K15*$H$45/100 -> 0 | L57: =+IFERROR(K57/K$49,0) -> 0 | M57: =IF(G57=0,"",K57/G57) -> 0 | N57: =IF(I57=0,"",K57/I57) -> 0 | P57: =K57-G57 -> -48480865 | Q57: =L57-H57 -> -0.0055614602 | R57: =K57-I57 -> -41208736 | S57: =L57-J57 -> -0.0038732661 | T57: - 인력 부족으로 토/일 FULL 특근대응 관련 노무비 증가.
B58: 03.퇴직급여 | C58: =+C16*$H$45/100 -> #REF! | E58: =+E16*$H$45/100 -> 0 | G58: =+G16*$H$45/100 -> 0 | H58: =+G58/G$49 -> 0 | I58: =+I16*$H$45/100 -> 0 | J58: =+I58/I$49 -> 0 | K58: =+K16*$H$45/100 -> 0 | M58: =IF(G58=0,"",K58/G58) | N58: =IF(I58=0,"",K58/I58) | P58: =K58-G58 -> 0 | Q58: =L58-H58 -> 0 | R58: =K58-I58 -> 0 | S58: =L58-J58 -> 0
B59: 04.잡급 | C59: =+C17*$H$45/100 -> #REF! | E59: =+E17*$H$45/100 -> 0 | G59: =+G17*$H$45/100 -> 0 | H59: =+G59/G$49 -> 0 | I59: =+I17*$H$45/100 -> 0 | J59: =+I59/I$49 -> 0 | K59: =+K17*$H$45/100 -> 0 | M59: =IF(G59=0,"",K59/G59) | N59: =IF(I59=0,"",K59/I59) | P59: =K59-G59 -> 0 | Q59: =L59-H59 -> 0 | R59: =K59-I59 -> 0 | S59: =L59-J59 -> 0
B60: 05.조립비 | C60: =+C18*$H$45/100 -> #REF! | E60: =+E18*$H$45/100 -> 0 | G60: =+G18*$H$45/100 -> 0 | H60: =+G60/G$49 -> 0 | I60: =+I18*$H$45/100 -> 0 | K60: =+K18*$H$45/100 -> 0 | M60: =IF(G60=0,"",K60/G60) | N60: =IF(I60=0,"",K60/I60) | P60: =K60-G60 -> 0 | Q60: =L60-H60 -> 0 | R60: =K60-I60 -> 0 | S60: =L60-J60 -> 0
B61: Ⅲ. 경비 | C61: =+C19*$H$45/100 -> #REF! | D61: =IF($C$49=0,"",C61/C$49) -> #REF! | E61: =+E19*$H$45/100 -> 0 | G61: =+G19*$H$45/100 -> 5.1744752e+08 | H61: =IF($G$49=0,"",G61/G$49) -> 0.059358755 | I61: =+I19*$H$45/100 -> 5.655093e+08 | J61: =IF($I$49=0,"",I61/I$49) -> 0.053153002 | K61: =+K19*$H$45/100 -> 0 | L61: =IF($K$49=0,"",K61/K$49) | M61: =IF(G61=0,"",K61/G61) -> 0 | N61: =IF(I61=0,"",K61/I61) -> 0 | P61: =K61-G61 -> -5.1744752e+08 | Q61: =L61-H61 -> #VALUE! | R61: =K61-I61 -> -5.655093e+08 | S61: =L61-J61 -> #VALUE!
B62: 01.복리후생비 | C62: =+C20*$H$45/100 -> #REF! | D62: =+C62/C$49 -> #REF! | E62: =+E20*$H$45/100 -> 0 | F62: =+IFERROR(E62/E$49,0) -> 0 | G62: =+G20*$H$45/100 -> 54963065 | H62: =+G62/G$49 -> 0.0063050628 | I62: =+I20*$H$45/100 -> 65955678 | J62: =+I62/I$49 -> 0.0061992655 | K62: =+K20*$H$45/100 -> 0 | L62: =+IFERROR(K62/K$49,0) -> 0 | M62: =IF(G62=0,"",K62/G62) -> 0 | N62: =IF(I62=0,"",K62/I62) -> 0 | P62: =K62-G62 -> -54963065 | Q62: =L62-H62 -> -0.0063050628 | R62: =K62-I62 -> -65955678 | S62: =L62-J62 -> -0.0061992655
B63: 02.여비교통비 | C63: =+C21*$H$45/100 -> #REF! | D63: =+C63/C$49 -> #REF! | E63: =+E21*$H$45/100 -> 0 | F63: =+IFERROR(E63/E$49,0) -> 0 | G63: =+G21*$H$45/100 -> 0 | H63: =+G63/G$49 -> 0 | I63: =+I21*$H$45/100 -> 0 | J63: =+I63/I$49 -> 0 | K63: =+K21*$H$45/100 -> 0 | L63: =+IFERROR(K63/K$49,0) -> 0 | M63: =IF(G63=0,"",K63/G63) | N63: =IF(I63=0,"",K63/I63) | P63: =K63-G63 -> 0 | Q63: =L63-H63 -> 0 | R63: =K63-I63 -> 0 | S63: =L63-J63 -> 0
B64: 03.접대비 | C64: =+C22*$H$45/100 -> #REF! | D64: =+C64/C$49 -> #REF! | E64: =+E22*$H$45/100 -> 0 | F64: =+IFERROR(E64/E$49,0) -> 0 | G64: =+G22*$H$45/100 -> 0 | H64: =+G64/G$49 -> 0 | I64: =+I22*$H$45/100 -> 0 | J64: =+I64/I$49 -> 0 | K64: =+K22*$H$45/100 -> 0 | L64: =+IFERROR(K64/K$49,0) -> 0 | M64: =IF(G64=0,"",K64/G64) | N64: =IF(I64=0,"",K64/I64) | P64: =K64-G64 -> 0 | Q64: =L64-H64 -> 0 | R64: =K64-I64 -> 0 | S64: =L64-J64 -> 0
B65: 04.통신비 | C65: =+C23*$H$45/100 -> #REF! | D65: =+C65/C$49 -> #REF! | E65: =+E23*$H$45/100 -> 0 | F65: =+IFERROR(E65/E$49,0) -> 0 | G65: =+G23*$H$45/100 -> 0 | H65: =+G65/G$49 -> 0 | I65: =+I23*$H$45/100 -> 0 | J65: =+I65/I$49 -> 0 | K65: =+K23*$H$45/100 -> 0 | L65: =+IFERROR(K65/K$49,0) -> 0 | M65: =IF(G65=0,"",K65/G65) | N65: =IF(I65=0,"",K65/I65) | P65: =K65-G65 -> 0 | Q65: =L65-H65 -> 0 | R65: =K65-I65 -> 0 | S65: =L65-J65 -> 0
B66: 05.전력비 | C66: =+C24*$H$45/100 -> #REF! | D66: =+C66/C$49 -> #REF! | E66: =+E24*$H$45/100 -> 0 | F66: =+IFERROR(E66/E$49,0) -> 0 | G66: =+G24*$H$45/100 -> 17600000 | H66: =+G66/G$49 -> 0.0020189759 | I66: =+I24*$H$45/100 -> 17600000 | J66: =+I66/I$49 -> 0.0016542484 | K66: =+K24*$H$45/100 -> 0 | L66: =+IFERROR(K66/K$49,0) -> 0 | M66: =IF(G66=0,"",K66/G66) -> 0 | N66: =IF(I66=0,"",K66/I66) -> 0 | P66: =K66-G66 -> -17600000 | Q66: =L66-H66 -> -0.0020189759 | R66: =K66-I66 -> -17600000 | S66: =L66-J66 -> -0.0016542484
B67: 06.세금과공과 | C67: =+C25*$H$45/100 -> #REF! | D67: =+C67/C$49 -> #REF! | E67: =+E25*$H$45/100 -> 0 | F67: =+IFERROR(E67/E$49,0) -> 0 | G67: =+G25*$H$45/100 -> 0 | H67: =+G67/G$49 -> 0 | I67: =+I25*$H$45/100 -> 0 | J67: =+I67/I$49 -> 0 | K67: =+K25*$H$45/100 -> 0 | L67: =+IFERROR(K67/K$49,0) -> 0 | M67: =IF(G67=0,"",K67/G67) | N67: =IF(I67=0,"",K67/I67) | P67: =K67-G67 -> 0 | Q67: =L67-H67 -> 0 | R67: =K67-I67 -> 0 | S67: =L67-J67 -> 0
B68: 07.감가상각비 | C68: =+C26*$H$45/100 -> #REF! | D68: =+C68/C$49 -> #REF! | E68: =+E26*$H$45/100 -> 0 | F68: =+IFERROR(E68/E$49,0) -> 0 | G68: =+G26*$H$45/100 -> 1.554747e+08 | H68: =+G68/G$49 -> 0.017835209 | I68: =+I26*$H$45/100 -> 1.554747e+08 | J68: =+I68/I$49 -> 0.014613282 | K68: =+K26*$H$45/100 -> 0 | L68: =+IFERROR(K68/K$49,0) -> 0 | M68: =IF(G68=0,"",K68/G68) -> 0 | N68: =IF(I68=0,"",K68/I68) -> 0 | P68: =K68-G68 -> -1.554747e+08 | Q68: =L68-H68 -> -0.017835209 | R68: =K68-I68 -> -1.554747e+08 | S68: =L68-J68 -> -0.014613282
B69: 08.지급임차료 | C69: =+C27*$H$45/100 -> #REF! | D69: =+C69/C$49 -> #REF! | E69: =+E27*$H$45/100 -> 0 | F69: =+IFERROR(E69/E$49,0) -> 0 | G69: =+G27*$H$45/100 -> 825000 | H69: =+G69/G$49 -> 9.4639496e-05 | I69: =+I27*$H$45/100 -> 825000 | J69: =+I69/I$49 -> 7.7542892e-05 | K69: =+K27*$H$45/100 -> 0 | L69: =+IFERROR(K69/K$49,0) -> 0 | M69: =IF(G69=0,"",K69/G69) -> 0 | N69: =IF(I69=0,"",K69/I69) -> 0 | P69: =K69-G69 -> -825000 | Q69: =L69-H69 -> -9.4639496e-05 | R69: =K69-I69 -> -825000 | S69: =L69-J69 -> -7.7542892e-05
B70: 09.수선비 | C70: =+C28*$H$45/100 -> #REF! | D70: =+C70/C$49 -> #REF! | E70: =+E28*$H$45/100 -> 0 | F70: =+IFERROR(E70/E$49,0) -> 0 | G70: =+G28*$H$45/100 -> 3190000 | H70: =+G70/G$49 -> 0.00036593939 | I70: =+I28*$H$45/100 -> 3190000 | J70: =+I70/I$49 -> 0.00029983251 | K70: =+K28*$H$45/100 -> 0 | L70: =+IFERROR(K70/K$49,0) -> 0 | M70: =IF(G70=0,"",K70/G70) -> 0 | N70: =IF(I70=0,"",K70/I70) -> 0 | P70: =K70-G70 -> -3190000 | Q70: =L70-H70 -> -0.00036593939 | R70: =K70-I70 -> -3190000 | S70: =L70-J70 -> -0.00029983251
B71: 10.보험료 | C71: =+C29*$H$45/100 -> #REF! | D71: =+C71/C$49 -> #REF! | E71: =+E29*$H$45/100 -> 0 | F71: =+IFERROR(E71/E$49,0) -> 0 | G71: =+G29*$H$45/100 -> 0 | H71: =+G71/G$49 -> 0 | I71: =+I29*$H$45/100 -> 0 | J71: =+I71/I$49 -> 0 | K71: =+K29*$H$45/100 -> 0 | L71: =+IFERROR(K71/K$49,0) -> 0 | M71: =IF(G71=0,"",K71/G71) | N71: =IF(I71=0,"",K71/I71) | P71: =K71-G71 -> 0 | Q71: =L71-H71 -> 0 | R71: =K71-I71 -> 0 | S71: =L71-J71 -> 0
B72: 11.차량유지비 | C72: =+C30*$H$45/100 -> #REF! | D72: =+C72/C$49 -> #REF! | E72: =+E30*$H$45/100 -> 0 | F72: =+IFERROR(E72/E$49,0) -> 0 | G72: =+G30*$H$45/100 -> 0 | H72: =+G72/G$49 -> 0 | I72: =+I30*$H$45/100 -> 0 | J72: =+I72/I$49 -> 0 | K72: =+K30*$H$45/100 -> 0 | L72: =+IFERROR(K72/K$49,0) -> 0 | M72: =IF(G72=0,"",K72/G72) | N72: =IF(I72=0,"",K72/I72) | P72: =K72-G72 -> 0 | Q72: =L72-H72 -> 0 | R72: =K72-I72 -> 0 | S72: =L72-J72 -> 0
B73: 12.경상연구개발비 | C73: =+C31*$H$45/100 -> #REF! | D73: =+C73/C$49 -> #REF! | E73: =+E31*$H$45/100 -> 0 | F73: =+IFERROR(E73/E$49,0) -> 0 | G73: =+G31*$H$45/100 -> 0 | H73: =+G73/G$49 -> 0 | I73: =+I31*$H$45/100 -> 0 | J73: =+I73/I$49 -> 0 | K73: =+K31*$H$45/100 -> 0 | L73: =+IFERROR(K73/K$49,0) -> 0 | M73: =IF(G73=0,"",K73/G73) | N73: =IF(I73=0,"",K73/I73) | P73: =K73-G73 -> 0 | Q73: =L73-H73 -> 0 | R73: =K73-I73 -> 0 | S73: =L73-J73 -> 0
... B82: 21.부재료비 | C82: =+C40*$H$45/100 -> #REF! | D82: =+C82/C$49 -> #REF! | E82: =+E40*$H$45/100 -> 0 | F82: =+IFERROR(E82/E$49,0) -> 0 | G82: =+G40*$H$45/100 -> 1.8534581e+08 | H82: =+G82/G$49 -> 0.02126186 | I82: =+I40*$H$45/100 -> 2.2241498e+08 | J82: =+I82/I$49 -> 0.020905091 | K82: =+K40*$H$45/100 -> 0 | L82: =+IFERROR(K82/K$49,0) -> 0 | M82: =IF(G82=0,"",K82/G82) -> 0 | N82: =IF(I82=0,"",K82/I82) -> 0 | P82: =K82-G82 -> -1.8534581e+08 | Q82: =L82-H82 -> -0.02126186 | R82: =K82-I82 -> -2.2241498e+08 | S82: =L82-J82 -> -0.020905091
B83: Ⅴ. 당기제품제조원가 | C83: =+C41*$H$45/100 -> #REF! | D83: =IF($C$49=0,"",C83/C$49) -> #REF! | E83: =+E41*$H$45/100 -> 0 | F83: =+IFERROR(E83/E$49,0) -> 0 | G83: =+G41*$H$45/100 -> 6.9338618e+09 | H83: =IF($G$49=0,"",G83/G$49) -> 0.79541477 | I83: =+I41*$H$45/100 -> 8.735014e+09 | J83: =IF($I$49=0,"",I83/I$49) -> 0.82101606 | K83: =+K41*$H$45/100 -> 0 | L83: =IF($K$49=0,"",K83/K$49) | M83: =IF(G83=0,"",K83/G83) -> 0 | N83: =IF(I83=0,"",K83/I83) -> 0 | P83: =K83-G83 -> -6.9338618e+09 | Q83: =L83-H83 -> #VALUE! | R83: =K83-I83 -> -8.735014e+09 | S83: =L83-J83 -> #VALUE!

Sheet 2026-사업계획-PL
B1: 2026년 사업계획 | T1: 1 | U1: =+T1*1.12 -> 1.12 | V1: 2 | W1: =+V1*1.12 -> 2.24 | X1: 3 | Y1: =+X1*1.12 -> 3.36 | Z1: 4 | AA1: =+Z1*1.12 -> 4.48 | AB1: 5 | AC1: =+AB1*1.12 -> 5.6 | AD1: 6 | AE1: =+AD1*1.12 -> 6.72 | AF1: 7 | AG1: =+AF1*1.12 -> 7.84 | AH1: 8 | AI1: =+AH1*1.12 -> 8.96 | AJ1: 9 | AK1: =+AJ1*1.12 -> 10.08 | AL1: 10 | AM1: =+AL1*1.12 -> 11.2 | AN1: 11 | AO1: =+AN1*1.12 -> 12.32 | AP1: 12 | AQ1: =+AP1*1.12 -> 13.44
B3: 손익계산서(현지통화) | T3: (단위: VND ) | AR3: (단위: )
B4: 계정과목 | C4: 총계 | T4: 1월 | V4: 2월 | X4: 3월 | Z4: 4월 | AB4: 5월 | AD4: 6월 | AF4: 7월 | AH4: 8월 | AJ4: 9월 | AL4: 10월 | AN4: 11월 | AP4: 12월 | AR4: 달성율 | AU4: 1 | AV4: 2 | AW4: 3 | AX4: 4 | AY4: 5 | AZ4: 6 | BA4: 7 | BB4: 8 | BC4: 9 | BD4: 10 | BE4: 11 | BF4: 12
C5: 2023년(실적) | E5: 2024년(실적) | H5: 2025년 (목표) | K5: 2026년 (목표) | N5: 2027년 (목표) | P5: 2028년 (목표) | R5: 2029년 (목표)
C6: 금액 | D6: 비율 | E6: 금액 | F6: 비율 | G6: 전년대비 | H6: 금액 | I6: 비율 | J6: 전년대비 | K6: 금액 | L6: 비율 | N6: 금액 | O6: 비율 | P6: 금액 | Q6: 비율 | R6: 금액 | S6: 비율 | T6: 금액 | U6: 비율 | V6: 금액 | W6: 비율 | X6: 금액 | Y6: 비율 | Z6: 금액 | AA6: 비율 | AB6: 금액 | AC6: 비율 | AD6: 금액 | AE6: 비율 | AF6: 금액 | AG6: 비율 | AH6: 금액 | AI6: 비율 | AJ6: 금액 | AK6: 비율 | AL6: 금액 | AM6: 비율 | AN6: 금액 | AO6: 비율 | AP6: 금액 | AQ6: 비율 | AR6: 사업목표 대비 | AS6: 운영목표 대비
B7: Ⅰ. 매출액 | C7: 9.4701121e+11 | D7: 1 | E7: 1.3174662e+12 | F7: 1 | G7: 0.3911833 | H7: 1.4017461e+12 | I7: 1 | J7: =IFERROR((H7-E7)/E7,0) -> 0.063971242 | K7: =+T7+V7+X7+Z7+AB7+AD7+AF7+AH7+AJ7+AL7+AN7+AP7 -> 2.0729521e+12 | L7: 1 | M7: =IFERROR((K7-H7)/H7,0) -> 0.47883565 | N7: 2.1315067e+12 | O7: 1 | P7: 1.4615561e+12 | Q7: 1 | R7: 1.3971248e+12 | S7: 1 | T7: =SUM(T8+T11+T15) -> 1.1104148e+11 | U7: 1 | V7: =SUM(V8+V11+V15) -> 1.1193238e+11 | W7: 1 | X7: =SUM(X8+X11+X15) -> 1.5729913e+11 | Y7: 1 | Z7: =SUM(Z8+Z11+Z15) -> 1.8132703e+11 | AA7: 1 | AB7: =SUM(AB8+AB11+AB15) -> 1.6618702e+11 | AC7: 1 | AD7: =SUM(AD8+AD11+AD15) -> 1.7305673e+11 | AE7: 1 | AF7: =SUM(AF8+AF11+AF15) -> 1.5849619e+11 | AG7: 1 | AH7: =SUM(AH8+AH11+AH15) -> 1.7576222e+11 | AI7: 1 | AJ7: =SUM(AJ8+AJ11+AJ15) -> 2.1503948e+11 | AK7: 1 | AL7: =SUM(AL8+AL11+AL15) -> 2.250528e+11 | AM7: 1 | AN7: =SUM(AN8+AN11+AN15) -> 1.9727902e+11 | AO7: 1 | AP7: =SUM(AP8+AP11+AP15) -> 2.0047867e+11 | AQ7: 1 | AR7: =IF(#REF!=0,"",T7/#REF!) -> #REF! | AS7: =IF(#REF!=0,"",T7/#REF!) -> #REF! | AU7: =+AU9+AU10 -> 1.1104148e+11 | AV7: =+AV9+AV10 -> 1.1193238e+11 | AW7: =+AW9+AW10 -> 1.5729913e+11 | AX7: =+AX9+AX10 -> 1.8132703e+11 | AY7: =+AY9+AY10 -> 1.6618702e+11 | AZ7: =+AZ9+AZ10 -> 1.7305673e+11 | BA7: =+BA9+BA10 -> 1.5849619e+11 | BB7: =+BB9+BB10 -> 1.7576222e+11 | ... BF7: =+BF9+BF10 -> 2.0047867e+11
B8: 01.제품매출 | C8: 9.4701121e+11 | D8: 1 | E8: 1.3159482e+12 | F8: 0.99884783 | G8: 0.38958041 | H8: 1.4017461e+12 | I8: =IFERROR(H8/H$7,0) -> 1 | J8: =IFERROR((H8-E8)/E8,0) -> 0.065198536 | K8: =+T8+V8+X8+Z8+AB8+AD8+AF8+AH8+AJ8+AL8+AN8+AP8 -> 2.0729521e+12 | L8: =IFERROR(K8/K$7,0) -> 1 | M8: =IFERROR((K8-H8)/H8,0) -> 0.47883565 | N8: =SUM(N9:N10) -> 2.1315067e+12 | O8: =IFERROR(N8/N$7,0) -> 1 | P8: =SUM(P9:P10) -> 1.4615561e+12 | Q8: =IFERROR(P8/P$7,0) -> 1 | R8: =SUM(R9:R10) -> 1.3971248e+12 | S8: =IFERROR(R8/R$7,0) -> 1 | T8: =SUM(T9:T10) -> 1.1104148e+11 | U8: =IFERROR(T8/T$7,0) -> 1 | V8: =SUM(V9:V10) -> 1.1193238e+11 | W8: =IFERROR(V8/V$7,0) -> 1 | X8: =SUM(X9:X10) -> 1.5729913e+11 | Y8: =IFERROR(X8/X$7,0) -> 1 | Z8: =SUM(Z9:Z10) -> 1.8132703e+11 | AA8: =IFERROR(Z8/Z$7,0) -> 1 | AB8: =SUM(AB9:AB10) -> 1.6618702e+11 | AC8: =IFERROR(AB8/AB$7,0) -> 1 | AD8: =SUM(AD9:AD10) -> 1.7305673e+11 | AE8: =IFERROR(AD8/AD$7,0) -> 1 | AF8: =SUM(AF9:AF10) -> 1.5849619e+11 | AG8: =IFERROR(AF8/AF$7,0) -> 1 | AH8: =SUM(AH9:AH10) -> 1.7576222e+11 | AI8: =IFERROR(AH8/AH$7,0) -> 1 | AJ8: =SUM(AJ9:AJ10) -> 2.1503948e+11 | AK8: =IFERROR(AJ8/AJ$7,0) -> 1 | AL8: =SUM(AL9:AL10) -> 2.250528e+11 | AM8: =IFERROR(AL8/AL$7,0) -> 1 | AN8: =SUM(AN9:AN10) -> 1.9727902e+11 | AO8: =IFERROR(AN8/AN$7,0) -> 1 | AP8: =SUM(AP9:AP10) -> 2.0047867e+11 | AQ8: =IFERROR(AP8/AP$7,0) -> 1 | AR8: =IF(#REF!=0,"",T8/#REF!) -> #REF! | AS8: =IF(#REF!=0,"",T8/#REF!) -> #REF! | AU8: =+AU9+AU10 -> 1.1104148e+11 | AV8: =+AV9+AV10 -> 1.1193238e+11 | AW8: =+AW9+AW10 -> 1.5729913e+11 | AX8: =+AX9+AX10 -> 1.8132703e+11 | AY8: =+AY9+AY10 -> 1.6618702e+11 | AZ8: =+AZ9+AZ10 -> 1.7305673e+11 | BA8: =+BA9+BA10 -> 1.5849619e+11 | BB8: =+BB9+BB10 -> 1.7576222e+11 | ... BF8: =+BF9+BF10 -> 2.0047867e+11
B9: (1) 국내매출 | C9: 4.3687164e+10 | D9: 0.046131623 | E9: 31905662262 | F9: 0.024217443 | G9: -0.2696788 | H9: 23107676850 | I9: =IFERROR(H9/H$7,0) -> 0.016484923 | J9: =IFERROR((H9-E9)/E9,0) -> -0.27574997 | K9: =+T9+V9+X9+Z9+AB9+AD9+AF9+AH9+AJ9+AL9+AN9+AP9 -> 2.2241922e+10 | L9: =IFERROR(K9/K$7,0) -> 0.010729588 | M9: =IFERROR((K9-H9)/H9,0) -> -0.037466116 | N9: 2.2241922e+10 | O9: =IFERROR(N9/N$7,0) -> 0.010434836 | P9: 2.2241922e+10 | Q9: =IFERROR(P9/P$7,0) -> 0.015217974 | R9: 2.2241922e+10 | S9: =IFERROR(R9/R$7,0) -> 0.015919782 | T9: =+AU9 -> 1.8534935e+09 | U9: =IFERROR(T9/T$7,0) -> 0.016691902 | V9: =+AV9 -> 1.8534935e+09 | W9: =IFERROR(V9/V$7,0) -> 0.016559047 | X9: =+AW9 -> 1.8534935e+09 | Y9: =IFERROR(X9/X$7,0) -> 0.011783241 | Z9: =+AX9 -> 1.8534935e+09 | AA9: =IFERROR(Z9/Z$7,0) -> 0.010221827 | AB9: =+AY9 -> 1.8534935e+09 | AC9: =IFERROR(AB9/AB$7,0) -> 0.011153058 | AD9: =+AZ9 -> 1.8534935e+09 | AE9: =IFERROR(AD9/AD$7,0) -> 0.010710323 | AF9: =+BA9 -> 1.8534935e+09 | AG9: =IFERROR(AF9/AF$7,0) -> 0.011694246 | AH9: =+BB9 -> 1.8534935e+09 | AI9: =IFERROR(AH9/AH$7,0) -> 0.01054546 | AJ9: =+BC9 -> 1.8534935e+09 | AK9: =IFERROR(AJ9/AJ$7,0) -> 0.0086193174 | AL9: =+BD9 -> 1.8534935e+09 | AM9: =IFERROR(AL9/AL$7,0) -> 0.008235816 | AN9: =+BE9 -> 1.8534935e+09 | AO9: =IFERROR(AN9/AN$7,0) -> 0.0093952896 | AP9: =+BF9 -> 1.8534935e+09 | AQ9: =IFERROR(AP9/AP$7,0) -> 0.0092453404 | AR9: =IF(#REF!=0,"",T9/#REF!) -> #REF! | AS9: =IF(#REF!=0,"",T9/#REF!) -> #REF! | AU9: 1.8534935e+09 | AV9: 1.8534935e+09 | AW9: 1.8534935e+09 | AX9: 1.8534935e+09 | AY9: 1.8534935e+09 | AZ9: 1.8534935e+09 | BA9: 1.8534935e+09 | BB9: 1.8534935e+09 | BC9: 1.8534935e+09 | BD9: 1.8534935e+09 | BE9: 1.8534935e+09 | BF9: 1.8534935e+09
B10: (2) 국외매출 (CBU) | C10: 9.0332404e+11 | D10: 0.95386838 | E10: 1.2840426e+12 | F10: 0.97463038 | G10: 0.42146395 | H10: 1.3786384e+12 | I10: =IFERROR(H10/H$7,0) -> 0.98351508 | J10: =IFERROR((H10-E10)/E10,0) -> 0.073670364 | K10: =+T10+V10+X10+Z10+AB10+AD10+AF10+AH10+AJ10+AL10+AN10+AP10 -> 2.0507102e+12 | L10: =IFERROR(K10/K$7,0) -> 0.98927041 | M10: =IFERROR((K10-H10)/H10,0) -> 0.4874895 | N10: 2.1092648e+12 | O10: =IFERROR(N10/N$7,0) -> 0.98956516 | P10: 1.4393142e+12 | Q10: =IFERROR(P10/P$7,0) -> 0.98478203 | R10: 1.3748829e+12 | S10: =IFERROR(R10/R$7,0) -> 0.98408022 | T10: =+AU10 -> 1.0918799e+11 | U10: =IFERROR(T10/T$7,0) -> 0.9833081 | V10: =+AV10 -> 1.1007888e+11 | W10: =IFERROR(V10/V$7,0) -> 0.98344095 | X10: =+AW10 -> 1.5544563e+11 | Y10: =IFERROR(X10/X$7,0) -> 0.98821676 | Z10: =+AX10 -> 1.7947354e+11 | AA10: =IFERROR(Z10/Z$7,0) -> 0.98977817 | AB10: =+AY10 -> 1.6433352e+11 | AC10: =IFERROR(AB10/AB$7,0) -> 0.98884694 | AD10: =+AZ10 -> 1.7120324e+11 | AE10: =IFERROR(AD10/AD$7,0) -> 0.98928968 | AF10: =+BA10 -> 1.566427e+11 | AG10: =IFERROR(AF10/AF$7,0) -> 0.98830575 | AH10: =+BB10 -> 1.7390873e+11 | AI10: =IFERROR(AH10/AH$7,0) -> 0.98945454 | AJ10: =+BC10 -> 2.1318598e+11 | AK10: =IFERROR(AJ10/AJ$7,0) -> 0.99138068 | AL10: =+BD10 -> 2.2319931e+11 | AM10: =IFERROR(AL10/AL$7,0) -> 0.99176418 | AN10: =+BE10 -> 1.9542552e+11 | AO10: =IFERROR(AN10/AN$7,0) -> 0.99060471 | AP10: =+BF10 -> 1.9862517e+11 | AQ10: =IFERROR(AP10/AP$7,0) -> 0.99075466 | AR10: =IF(#REF!=0,"",T10/#REF!) -> #REF! | AS10: =IF(#REF!=0,"",T10/#REF!) -> #REF! | AU10: 1.0918799e+11 | AV10: 1.1007888e+11 | AW10: 1.5544563e+11 | AX10: 1.7947354e+11 | AY10: 1.6433352e+11 | AZ10: 1.7120324e+11 | BA10: 1.566427e+11 | BB10: 1.7390873e+11 | BC10: 2.1318598e+11 | BD10: 2.2319931e+11 | BE10: 1.9542552e+11 | BF10: 1.9862517e+11
B11: 02.상품매출 | C11: 0 | D11: 0 | E11: 1.5179492e+09 | F11: 0.0011521732 | G11: 0 | H11: 0 | I11: =IFERROR(H11/H$7,0) -> 0 | J11: =IFERROR((H11-E11)/E11,0) -> -1 | K11: =+T11+V11+X11+Z11+AB11+AD11+AF11+AH11+AJ11+AL11+AN11+AP11 -> 0 | L11: =IFERROR(K11/K$7,0) -> 0 | M11: =IFERROR((K11-H11)/H11,0) -> 0 | O11: =IFERROR(N11/N$7,0) -> 0 | Q11: =IFERROR(P11/P$7,0) -> 0 | S11: =IFERROR(R11/R$7,0) -> 0 | T11: =SUM(T13+T14) -> 0 | U11: =IFERROR(T11/T$7,0) -> 0 | V11: =SUM(V13+V14) -> 0 | W11: =IFERROR(V11/V$7,0) -> 0 | X11: =SUM(X13+X14) -> 0 | Y11: =IFERROR(X11/X$7,0) -> 0 | Z11: =SUM(Z13+Z14) -> 0 | AA11: =IFERROR(Z11/Z$7,0) -> 0 | AB11: =SUM(AB13+AB14) -> 0 | AC11: =IFERROR(AB11/AB$7,0) -> 0 | AE11: =IFERROR(AD11/AD$7,0) -> 0 | AF11: =SUM(AF13+AF14) -> 0 | AG11: =IFERROR(AF11/AF$7,0) -> 0 | AH11: =SUM(AH13+AH14) -> 0 | AI11: =IFERROR(AH11/AH$7,0) -> 0 | AJ11: =SUM(AJ13+AJ14) -> 0 | AK11: =IFERROR(AJ11/AJ$7,0) -> 0 | AL11: =SUM(AL13+AL14) -> 0 | AM11: =IFERROR(AL11/AL$7,0) -> 0 | AN11: =SUM(AN13+AN14) -> 0 | AO11: =IFERROR(AN11/AN$7,0) -> 0 | AP11: =SUM(AP13+AP14) -> 0 | AQ11: =IFERROR(AP11/AP$7,0) -> 0 | AR11: =IF(#REF!=0,"",T11/#REF!) -> #REF! | AS11: =IF(#REF!=0,"",T11/#REF!) -> #REF! | AU11: 0 | AV11: 0 | AW11: 0 | AX11: 0 | AY11: 0 | AZ11: 0 | BA11: 0 | BB11: 0 | BC11: 0 | BD11: 0 | BE11: 0 | BF11: 0
B12: (1) 국내매출-NET | C12: 0 | D12: 0 | E12: 0 | F12: 0 | G12: 0 | H12: 0 | I12: =IFERROR(H12/H$7,0) -> 0 | J12: =IFERROR((H12-E12)/E12,0) -> 0 | K12: =+T12+V12+X12+Z12+AB12+AD12+AF12+AH12+AJ12+AL12+AN12+AP12 -> 0 | L12: =IFERROR(K12/K$7,0) -> 0 | M12: =IFERROR((K12-H12)/H12,0) -> 0 | O12: =IFERROR(N12/N$7,0) -> 0 | Q12: =IFERROR(P12/P$7,0) -> 0 | S12: =IFERROR(R12/R$7,0) -> 0 | U12: =IFERROR(T12/T$7,0) -> 0 | W12: =IFERROR(V12/V$7,0) -> 0 | Y12: =IFERROR(X12/X$7,0) -> 0 | AA12: =IFERROR(Z12/Z$7,0) -> 0 | AC12: =IFERROR(AB12/AB$7,0) -> 0 | AE12: =IFERROR(AD12/AD$7,0) -> 0 | AG12: =IFERROR(AF12/AF$7,0) -> 0 | AI12: =IFERROR(AH12/AH$7,0) -> 0 | AK12: =IFERROR(AJ12/AJ$7,0) -> 0 | AM12: =IFERROR(AL12/AL$7,0) -> 0 | AO12: =IFERROR(AN12/AN$7,0) -> 0 | AQ12: =IFERROR(AP12/AP$7,0) -> 0 | AR12: =IF(#REF!=0,"",T12/#REF!) -> #REF! | AS12: =IF(#REF!=0,"",T12/#REF!) -> #REF! | AU12: 0 | AV12: 0 | AW12: 0 | AX12: 0 | AY12: 0 | AZ12: 0 | BA12: 0 | BB12: 0 | BC12: 0 | BD12: 0 | BE12: 0 | BF12: 0
B13: 국내매출-GROSS | C13: 0 | D13: 0 | E13: 1.5179492e+09 | F13: 0.0011521732 | G13: 0 | H13: 1.6103516e+09 | I13: =IFERROR(H13/H$7,0) -> 0.0011488183 | J13: =IFERROR((H13-E13)/E13,0) -> 0.060873233 | K13: =+T13+V13+X13+Z13+AB13+AD13+AF13+AH13+AJ13+AL13+AN13+AP13 -> 0 | L13: =IFERROR(K13/K$7,0) -> 0 | M13: =IFERROR((K13-H13)/H13,0) -> -1 | O13: =IFERROR(N13/N$7,0) -> 0 | Q13: =IFERROR(P13/P$7,0) -> 0 | S13: =IFERROR(R13/R$7,0) -> 0 | U13: =IFERROR(T13/T$7,0) -> 0 | W13: =IFERROR(V13/V$7,0) -> 0 | Y13: =IFERROR(X13/X$7,0) -> 0 | AA13: =IFERROR(Z13/Z$7,0) -> 0 | AC13: =IFERROR(AB13/AB$7,0) -> 0 | AD13: 0 | AE13: =IFERROR(AD13/AD$7,0) -> 0 | AG13: =IFERROR(AF13/AF$7,0) -> 0 | AI13: =IFERROR(AH13/AH$7,0) -> 0 | AK13: =IFERROR(AJ13/AJ$7,0) -> 0 | AM13: =IFERROR(AL13/AL$7,0) -> 0 | AO13: =IFERROR(AN13/AN$7,0) -> 0 | AQ13: =IFERROR(AP13/AP$7,0) -> 0 | AR13: =IF(#REF!=0,"",T13/#REF!) -> #REF! | AS13: =IF(#REF!=0,"",T13/#REF!) -> #REF! | AU13: 0 | AV13: 0 | AW13: 0 | AX13: 0 | AY13: 0 | AZ13: 0 | BA13: 0 | BB13: 0 | BC13: 0 | BD13: 0 | BE13: 0 | BF13: 0
B14: (2) 국외매출 (CKD) | C14: 0 | D14: 0 | E14: 0 | F14: 0 | G14: 0 | H14: 0 | I14: =IFERROR(H14/H$7,0) -> 0 | J14: =IFERROR((H14-E14)/E14,0) -> 0 | K14: =+T14+V14+X14+Z14+AB14+AD14+AF14+AH14+AJ14+AL14+AN14+AP14 -> 0 | L14: =IFERROR(K14/K$7,0) -> 0 | M14: =IFERROR((K14-H14)/H14,0) -> 0 | O14: =IFERROR(N14/N$7,0) -> 0 | Q14: =IFERROR(P14/P$7,0) -> 0 | S14: =IFERROR(R14/R$7,0) -> 0 | U14: =IFERROR(T14/T$7,0) -> 0 | W14: =IFERROR(V14/V$7,0) -> 0 | Y14: =IFERROR(X14/X$7,0) -> 0 | AA14: =IFERROR(Z14/Z$7,0) -> 0 | AC14: =IFERROR(AB14/AB$7,0) -> 0 | AE14: =IFERROR(AD14/AD$7,0) -> 0 | AG14: =IFERROR(AF14/AF$7,0) -> 0 | AI14: =IFERROR(AH14/AH$7,0) -> 0 | AK14: =IFERROR(AJ14/AJ$7,0) -> 0 | AM14: =IFERROR(AL14/AL$7,0) -> 0 | AO14: =IFERROR(AN14/AN$7,0) -> 0 | AQ14: =IFERROR(AP14/AP$7,0) -> 0 | AR14: =IF(#REF!=0,"",T14/#REF!) -> #REF! | AS14: =IF(#REF!=0,"",T14/#REF!) -> #REF! | AU14: 0 | AV14: 0 | AW14: 0 | AX14: 0 | AY14: 0 | AZ14: 0 | BA14: 0 | BB14: 0 | BC14: 0 | BD14: 0 | BE14: 0 | BF14: 0
B15: 03.수불무관매출 | C15: 0 | D15: 0 | E15: 0 | F15: 0 | G15: 0 | H15: 0 | I15: =IFERROR(H15/H$7,0) -> 0 | J15: =IFERROR((H15-E15)/E15,0) -> 0 | K15: =+T15+V15+X15+Z15+AB15+AD15+AF15+AH15+AJ15+AL15+AN15+AP15 -> 0 | L15: =IFERROR(K15/K$7,0) -> 0 | M15: =IFERROR((K15-H15)/H15,0) -> 0 | O15: =IFERROR(N15/N$7,0) -> 0 | Q15: =IFERROR(P15/P$7,0) -> 0 | S15: =IFERROR(R15/R$7,0) -> 0 | U15: =IFERROR(T15/T$7,0) -> 0 | W15: =IFERROR(V15/V$7,0) -> 0 | Y15: =IFERROR(X15/X$7,0) -> 0 | AA15: =IFERROR(Z15/Z$7,0) -> 0 | AC15: =IFERROR(AB15/AB$7,0) -> 0 | AE15: =IFERROR(AD15/AD$7,0) -> 0 | AG15: =IFERROR(AF15/AF$7,0) -> 0 | AI15: =IFERROR(AH15/AH$7,0) -> 0 | AK15: =IFERROR(AJ15/AJ$7,0) -> 0 | AM15: =IFERROR(AL15/AL$7,0) -> 0 | AO15: =IFERROR(AN15/AN$7,0) -> 0 | AQ15: =IFERROR(AP15/AP$7,0) -> 0 | AR15: =IF(#REF!=0,"",T15/#REF!) -> #REF! | AS15: =IF(#REF!=0,"",T15/#REF!) -> #REF! | AU15: 0 | AV15: 0 | AW15: 0 | AX15: 0 | AY15: 0 | AZ15: 0 | BA15: 0 | BB15: 0 | BC15: 0 | BD15: 0 | BE15: 0 | BF15: 0
B16: Ⅱ. 매출원가 | C16: 7.8676871e+11 | D16: 0.83079134 | E16: 1.0361293e+12 | F16: 0.78645609 | G16: 0.31694268 | H16: 1.0743586e+12 | I16: =IFERROR(H16/H$7,0) -> 0.76644309 | J16: =IFERROR((H16-E16)/E16,0) -> 0.036896291 | K16: =+T16+V16+X16+Z16+AB16+AD16+AF16+AH16+AJ16+AL16+AN16+AP16 -> 1.6536566e+12 | L16: =IFERROR(K16/K$7,0) -> 0.79773024 | M16: =IFERROR((K16-H16)/H16,0) -> 0.53920354 | N16: =N17+N21 -> 1.7790017e+12 | O16: =IFERROR(N16/N$7,0) -> 0.83462168 | P16: =P17+P21 -> 1.237167e+12 | Q16: =IFERROR(P16/P$7,0) -> 0.84647248 | R16: =R17+R21 -> 1.1802713e+12 | S16: =IFERROR(R16/R$7,0) -> 0.84478585 | T16: =T17+T21 -> 8.5534028e+10 | U16: =IFERROR(T16/T$7,0) -> 0.77028898 | V16: =V17+V21 -> 8.8977588e+10 | W16: =IFERROR(V16/V$7,0) -> 0.79492271 | X16: =X17+X21 -> 1.2140646e+11 | Y16: =IFERROR(X16/X$7,0) -> 0.77181906 | Z16: =Z17+Z21 -> 1.4028008e+11 | AA16: =IFERROR(Z16/Z$7,0) -> 0.77363027 | AB16: =AB17+AB21 -> 1.2999285e+11 | AC16: =IFERROR(AB16/AB$7,0) -> 0.78220819 | AD16: =AD17+AD21 -> 1.3625219e+11 | AE16: =IFERROR(AD16/AD$7,0) -> 0.78732674 | AF16: =AF17+AF21 -> 1.2607021e+11 | AG16: =IFERROR(AF16/AF$7,0) -> 0.79541477 | AH16: =AH17+AH21 -> 1.415107e+11 | AI16: =IFERROR(AH16/AH$7,0) -> 0.80512583 | AJ16: =AJ17+AJ21 -> 1.7496262e+11 | AK16: =IFERROR(AJ16/AJ$7,0) -> 0.81363026 | AL16: =AL17+AL21 -> 1.8253594e+11 | AM16: =IFERROR(AL16/AL$7,0) -> 0.81108048 | AN16: =AN17+AN21 -> 1.619914e+11 | AO16: =IFERROR(AN16/AN$7,0) -> 0.8211284 | AP16: =AP17+AP21 -> 1.6414252e+11 | AQ16: =IFERROR(AP16/AP$7,0) -> 0.81875305 | AR16: =IF(#REF!=0,"",T16/#REF!) -> #REF! | AS16: =IF(#REF!=0,"",T16/#REF!) -> #REF! | AU16: 0 | AV16: 0 | AW16: 0 | AX16: 0 | AY16: 0 | AZ16: 0 | BA16: 0 | BB16: 0 | BC16: 0 | BD16: 0 | BE16: 0 | BF16: 0
B17: 01. 제품매출원가 | C17: 7.8676803e+11 | D17: 0.83079062 | E17: 1.0341533e+12 | F17: 0.78495624 | G17: 0.31443228 | H17: 1.0743586e+12 | I17: =IFERROR(H17/H$7,0) -> 0.76644309 | J17: =IFERROR((H17-E17)/E17,0) -> 0.038877533 | K17: =+T17+V17+X17+Z17+AB17+AD17+AF17+AH17+AJ17+AL17+AN17+AP17 -> 1.6536566e+12 | L17: =IFERROR(K17/K$7,0) -> 0.79773024 | M17: =IFERROR((K17-H17)/H17,0) -> 0.53920354 | N17: =N18+N19-N20 -> 1.7790017e+12 | O17: =IFERROR(N17/N$7,0) -> 0.83462168 | P17: =P18+P19-P20 -> 1.237167e+12 | Q17: =IFERROR(P17/P$7,0) -> 0.84647248 | R17: =R18+R19-R20 -> 1.1802713e+12 | S17: =IFERROR(R17/R$7,0) -> 0.84478585 | T17: =T18+T19-T20 -> 8.5534028e+10 | U17: =IFERROR(T17/T$7,0) -> 0.77028898 | V17: =V18+V19-V20 -> 8.8977588e+10 | W17: =IFERROR(V17/V$7,0) -> 0.79492271 | X17: =X18+X19-X20 -> 1.2140646e+11 | Y17: =IFERROR(X17/X$7,0) -> 0.77181906 | Z17: =Z18+Z19-Z20 -> 1.4028008e+11 | AA17: =IFERROR(Z17/Z$7,0) -> 0.77363027 | AB17: =AB18+AB19-AB20 -> 1.2999285e+11 | AC17: =IFERROR(AB17/AB$7,0) -> 0.78220819 | AD17: =AD18+AD19-AD20 -> 1.3625219e+11 | AE17: =IFERROR(AD17/AD$7,0) -> 0.78732674 | AF17: =AF18+AF19-AF20 -> 1.2607021e+11 | AG17: =IFERROR(AF17/AF$7,0) -> 0.79541477 | AH17: =AH18+AH19-AH20 -> 1.415107e+11 | AI17: =IFERROR(AH17/AH$7,0) -> 0.80512583 | AJ17: =AJ18+AJ19-AJ20 -> 1.7496262e+11 | AK17: =IFERROR(AJ17/AJ$7,0) -> 0.81363026 | AL17: =AL18+AL19-AL20 -> 1.8253594e+11 | AM17: =IFERROR(AL17/AL$7,0) -> 0.81108048 | AN17: =AN18+AN19-AN20 -> 1.619914e+11 | AO17: =IFERROR(AN17/AN$7,0) -> 0.8211284 | AP17: =AP18+AP19-AP20 -> 1.6414252e+11 | AQ17: =IFERROR(AP17/AP$7,0) -> 0.81875305 | AR17: =IF(#REF!=0,"",T17/#REF!) -> #REF! | AS17: =IF(#REF!=0,"",T17/#REF!) -> #REF! | AU17: 0 | AV17: 0 | AW17: 0 | AX17: 0 | AY17: 0 | AZ17: 0 | BA17: 0 | BB17: 0 | BC17: 0 | BD17: 0 | BE17: 0 | BF17: 0
B18: 기초제품재고액 | C18: 166972010822 | D18: 0.17631471 | E18: 260696396751 | F18: 0.19787711 | G18: 0.56131794 | H18: 206545173967 | I18: =IFERROR(H18/H$7,0) -> 0.14734849 | J18: =IFERROR((H18-E18)/E18,0) -> -0.20771757 | K18: =+T18+V18+X18+Z18+AB18+AD18+AF18+AH18+AJ18+AL18+AN18+AP18 -> 0 | L18: =IFERROR(K18/K$7,0) -> 0 | M18: =IFERROR((K18-H18)/H18,0) -> -1 | O18: =IFERROR(N18/N$7,0) -> 0 | Q18: =IFERROR(P18/P$7,0) -> 0 | S18: =IFERROR(R18/R$7,0) -> 0 | U18: =IFERROR(T18/T$7,0) -> 0 | V18: =+T20 -> 0 | W18: =IFERROR(V18/V$7,0) -> 0 | X18: =+V20 -> 0 | Y18: =IFERROR(X18/X$7,0) -> 0 | Z18: =+X20 -> 0 | AA18: =IFERROR(Z18/Z$7,0) -> 0 | AB18: =+Z20 -> 0 | AC18: =IFERROR(AB18/AB$7,0) -> 0 | AD18: =+AB20 -> 0 | AE18: =IFERROR(AD18/AD$7,0) -> 0 | AF18: =+AD20 -> 0 | AG18: =IFERROR(AF18/AF$7,0) -> 0 | AI18: =IFERROR(AH18/AH$7,0) -> 0 | AK18: =IFERROR(AJ18/AJ$7,0) -> 0 | AM18: =IFERROR(AL18/AL$7,0) -> 0 | AO18: =IFERROR(AN18/AN$7,0) -> 0 | AQ18: =IFERROR(AP18/AP$7,0) -> 0 | AU18: 0 | AV18: 0 | AW18: 0 | AX18: 0 | AY18: 0 | AZ18: 0 | BA18: 0 | BB18: 0 | BC18: 0 | BD18: 0 | BE18: 0 | BF18: 0
B19: 당기제품제조원가 | C19: 7.7775063e+11 | D19: 0.82126866 | E19: 1.0341533e+12 | F19: 0.78495624 | G19: 0.32967208 | H19: 1.0779848e+12 | I19: =IFERROR(H19/H$7,0) -> 0.76902997 | J19: =IFERROR((H19-E19)/E19,0) -> 0.042383934 | K19: =+T19+V19+X19+Z19+AB19+AD19+AF19+AH19+AJ19+AL19+AN19+AP19 -> 1.6536566e+12 | L19: =IFERROR(K19/K$7,0) -> 0.79773024 | M19: =IFERROR((K19-H19)/H19,0) -> 0.53402593 | N19: 1.7790017e+12 | O19: =IFERROR(N19/N$7,0) -> 0.83462168 | P19: 1.237167e+12 | Q19: =IFERROR(P19/P$7,0) -> 0.84647248 | R19: 1.1802713e+12 | S19: =IFERROR(R19/R$7,0) -> 0.84478585 | T19: =+'2026-사업계획-MC'!T41 -> 8.5534028e+10 | U19: =IFERROR(T19/T$7,0) -> 0.77028898 | V19: =+'2026-사업계획-MC'!V41 -> 8.8977588e+10 | W19: =IFERROR(V19/V$7,0) -> 0.79492271 | X19: =+'2026-사업계획-MC'!X41 -> 1.2140646e+11 | Y19: =IFERROR(X19/X$7,0) -> 0.77181906 | Z19: =+'2026-사업계획-MC'!Z41 -> 1.4028008e+11 | AA19: =IFERROR(Z19/Z$7,0) -> 0.77363027 | AB19: =+'2026-사업계획-MC'!AB41 -> 1.2999285e+11 | AC19: =IFERROR(AB19/AB$7,0) -> 0.78220819 | AD19: =+'2026-사업계획-MC'!AD41 -> 1.3625219e+11 | AE19: =IFERROR(AD19/AD$7,0) -> 0.78732674 | AF19: =+'2026-사업계획-MC'!AF41 -> 1.2607021e+11 | AG19: =IFERROR(AF19/AF$7,0) -> 0.79541477 | AH19: =+'2026-사업계획-MC'!AH41 -> 1.415107e+11 | AI19: =IFERROR(AH19/AH$7,0) -> 0.80512583 | AJ19: =+'2026-사업계획-MC'!AJ41 -> 1.7496262e+11 | AK19: =IFERROR(AJ19/AJ$7,0) -> 0.81363026 | AL19: =+'2026-사업계획-MC'!AL41 -> 1.8253594e+11 | AM19: =IFERROR(AL19/AL$7,0) -> 0.81108048 | AN19: =+'2026-사업계획-MC'!AN41 -> 1.619914e+11 | AO19: =IFERROR(AN19/AN$7,0) -> 0.8211284 | AP19: =+'2026-사업계획-MC'!AP41 -> 1.6414252e+11 | AQ19: =IFERROR(AP19/AP$7,0) -> 0.81875305 | AU19: 0 | AV19: 0 | AW19: 0 | AX19: 0 | AY19: 0 | AZ19: 0 | BA19: 0 | BB19: 0 | BC19: 0 | BD19: 0 | BE19: 0 | BF19: 0
B20: 기말제품재고액 | C20: 1.6003748e+11 | D20: 0.16899217 | E20: 259633155682 | F20: 0.19707007 | G20: 0.62232719 | H20: 210171330311 | I20: =IFERROR(H20/H$7,0) -> 0.14993537 | J20: =IFERROR((H20-E20)/E20,0) -> -0.19050658 | K20: =+T20+V20+X20+Z20+AB20+AD20+AF20+AH20+AJ20+AL20+AN20+AP20 -> 0 | L20: =IFERROR(K20/K$7,0) -> 0 | M20: =IFERROR((K20-H20)/H20,0) -> -1 | O20: =IFERROR(N20/N$7,0) -> 0 | Q20: =IFERROR(P20/P$7,0) -> 0 | S20: =IFERROR(R20/R$7,0) -> 0 | U20: =IFERROR(T20/T$7,0) -> 0 | W20: =IFERROR(V20/V$7,0) -> 0 | Y20: =IFERROR(X20/X$7,0) -> 0 | AA20: =IFERROR(Z20/Z$7,0) -> 0 | AC20: =IFERROR(AB20/AB$7,0) -> 0 | AE20: =IFERROR(AD20/AD$7,0) -> 0 | AG20: =IFERROR(AF20/AF$7,0) -> 0 | AI20: =IFERROR(AH20/AH$7,0) -> 0 | AK20: =IFERROR(AJ20/AJ$7,0) -> 0 | AM20: =IFERROR(AL20/AL$7,0) -> 0 | AO20: =IFERROR(AN20/AN$7,0) -> 0 | AQ20: =IFERROR(AP20/AP$7,0) -> 0 | AU20: 0 | AV20: 0 | AW20: 0 | AX20: 0 | AY20: 0 | AZ20: 0 | BA20: 0 | BB20: 0 | BC20: 0 | BD20: 0 | BE20: 0 | BF20: 0
B21: 02. 상품매출원가 | C21: 682064 | D21: 7.2022801e-07 | E21: 1976000997 | F21: 0.0014998495 | G21: 2896.0903 | H21: 0 | I21: =IFERROR(H21/H$7,0) -> 0 | J21: =IFERROR((H21-E21)/E21,0) -> -1 | K21: =+T21+V21+X21+Z21+AB21+AD21+AF21+AH21+AJ21+AL21+AN21+AP21 -> 0 | L21: =IFERROR(K21/K$7,0) -> 0 | M21: =IFERROR((K21-H21)/H21,0) -> 0 | O21: =IFERROR(N21/N$7,0) -> 0 | Q21: =IFERROR(P21/P$7,0) -> 0 | S21: =IFERROR(R21/R$7,0) -> 0 | T21: =SUM(T23+T27) -> 0 | U21: =IFERROR(T21/T$7,0) -> 0 | V21: =SUM(V23+V27) -> 0 | W21: =IFERROR(V21/V$7,0) -> 0 | X21: =SUM(X23+X27) -> 0 | Y21: =IFERROR(X21/X$7,0) -> 0 | Z21: =SUM(Z23+Z27) -> 0 | AA21: =IFERROR(Z21/Z$7,0) -> 0 | AB21: =SUM(AB23+AB27) -> 0 | AC21: =IFERROR(AB21/AB$7,0) -> 0 | AE21: =IFERROR(AD21/AD$7,0) -> 0 | AF21: =SUM(AF23+AF27) -> 0 | AG21: =IFERROR(AF21/AF$7,0) -> 0 | AH21: =SUM(AH23+AH27) -> 0 | AI21: =IFERROR(AH21/AH$7,0) -> 0 | AJ21: =SUM(AJ23+AJ27) -> 0 | AK21: =IFERROR(AJ21/AJ$7,0) -> 0 | AL21: =SUM(AL23+AL27) -> 0 | AM21: =IFERROR(AL21/AL$7,0) -> 0 | AN21: =SUM(AN23+AN27) -> 0 | AO21: =IFERROR(AN21/AN$7,0) -> 0 | AP21: =SUM(AP23+AP27) -> 0 | AQ21: =IFERROR(AP21/AP$7,0) -> 0 | AR21: =IF(#REF!=0,"",T21/#REF!) -> #REF! | AS21: =IF(#REF!=0,"",T21/#REF!) -> #REF! | AU21: 0 | AV21: 0 | AW21: 0 | AX21: 0 | AY21: 0 | AZ21: 0 | BA21: 0 | BB21: 0 | BC21: 0 | BD21: 0 | BE21: 0 | BF21: 0
B22: (1) 국내매출원가-NET | C22: 0 | D22: 0 | E22: 0 | F22: 0 | G22: 0 | H22: 0 | I22: =IFERROR(H22/H$7,0) -> 0 | J22: =IFERROR((H22-E22)/E22,0) -> 0 | K22: =+T22+V22+X22+Z22+AB22+AD22+AF22+AH22+AJ22+AL22+AN22+AP22 -> 0 | L22: =IFERROR(K22/K$7,0) -> 0 | M22: =IFERROR((K22-H22)/H22,0) -> 0 | O22: =IFERROR(N22/N$7,0) -> 0 | Q22: =IFERROR(P22/P$7,0) -> 0 | S22: =IFERROR(R22/R$7,0) -> 0 | U22: =IFERROR(T22/T$7,0) -> 0 | W22: =IFERROR(V22/V$7,0) -> 0 | Y22: =IFERROR(X22/X$7,0) -> 0 | AA22: =IFERROR(Z22/Z$7,0) -> 0 | AC22: =IFERROR(AB22/AB$7,0) -> 0 | AE22: =IFERROR(AD22/AD$7,0) -> 0 | AG22: =IFERROR(AF22/AF$7,0) -> 0 | AI22: =IFERROR(AH22/AH$7,0) -> 0 | AK22: =IFERROR(AJ22/AJ$7,0) -> 0 | AM22: =IFERROR(AL22/AL$7,0) -> 0 | AO22: =IFERROR(AN22/AN$7,0) -> 0 | AQ22: =IFERROR(AP22/AP$7,0) -> 0 | AU22: 0 | AV22: 0 | AW22: 0 | AX22: 0 | AY22: 0 | AZ22: 0 | BA22: 0 | BB22: 0 | BC22: 0 | BD22: 0 | BE22: 0 | BF22: 0
B23: 국내매출원가-GROSS | C23: 0 | D23: 0 | E23: 1976000997 | F23: 0.0014998495 | G23: 0 | H23: 1228698258 | I23: =IFERROR(H23/H$7,0) -> 0.00087654836 | J23: =IFERROR((H23-E23)/E23,0) -> -0.37818945 | K23: =+T23+V23+X23+Z23+AB23+AD23+AF23+AH23+AJ23+AL23+AN23+AP23 -> 0 | L23: =IFERROR(K23/K$7,0) -> 0 | M23: =IFERROR((K23-H23)/H23,0) -> -1 | O23: =IFERROR(N23/N$7,0) -> 0 | Q23: =IFERROR(P23/P$7,0) -> 0 | S23: =IFERROR(R23/R$7,0) -> 0 | U23: =IFERROR(T23/T$7,0) -> 0 | W23: =IFERROR(V23/V$7,0) -> 0 | Y23: =IFERROR(X23/X$7,0) -> 0 | AA23: =IFERROR(Z23/Z$7,0) -> 0 | AC23: =IFERROR(AB23/AB$7,0) -> 0 | AD23: 0 | AE23: =IFERROR(AD23/AD$7,0) -> 0 | AG23: =IFERROR(AF23/AF$7,0) -> 0 | AI23: =IFERROR(AH23/AH$7,0) -> 0 | AK23: =IFERROR(AJ23/AJ$7,0) -> 0 | AM23: =IFERROR(AL23/AL$7,0) -> 0 | AO23: =IFERROR(AN23/AN$7,0) -> 0 | AQ23: =IFERROR(AP23/AP$7,0) -> 0 | AR23: =IF(#REF!=0,"",T23/#REF!) -> #REF! | AS23: =IF(#REF!=0,"",T23/#REF!) -> #REF! | AU23: 0 | AV23: 0 | AW23: 0 | AX23: 0 | AY23: 0 | AZ23: 0 | BA23: 0 | BB23: 0 | BC23: 0 | BD23: 0 | BE23: 0 | BF23: 0
B24: 기초상품재고액 | C24: 0 | D24: 0 | E24: 0 | F24: 0 | G24: 0 | H24: 0 | I24: =IFERROR(H24/H$7,0) -> 0 | J24: =IFERROR((H24-E24)/E24,0) -> 0 | K24: =+T24+V24+X24+Z24+AB24+AD24+AF24+AH24+AJ24+AL24+AN24+AP24 -> 0 | L24: =IFERROR(K24/K$7,0) -> 0 | M24: =IFERROR((K24-H24)/H24,0) -> 0 | O24: =IFERROR(N24/N$7,0) -> 0 | Q24: =IFERROR(P24/P$7,0) -> 0 | S24: =IFERROR(R24/R$7,0) -> 0 | U24: =IFERROR(T24/T$7,0) -> 0 | W24: =IFERROR(V24/V$7,0) -> 0 | Y24: =IFERROR(X24/X$7,0) -> 0 | AA24: =IFERROR(Z24/Z$7,0) -> 0 | AC24: =IFERROR(AB24/AB$7,0) -> 0 | AE24: =IFERROR(AD24/AD$7,0) -> 0 | AG24: =IFERROR(AF24/AF$7,0) -> 0 | AI24: =IFERROR(AH24/AH$7,0) -> 0 | AK24: =IFERROR(AJ24/AJ$7,0) -> 0 | AM24: =IFERROR(AL24/AL$7,0) -> 0 | AO24: =IFERROR(AN24/AN$7,0) -> 0 | AQ24: =IFERROR(AP24/AP$7,0) -> 0 | AR24: =IF(#REF!=0,"",T24/#REF!) -> #REF! | AU24: 0 | AV24: 0 | AW24: 0 | AX24: 0 | AY24: 0 | AZ24: 0 | BA24: 0 | BB24: 0 | BC24: 0 | BD24: 0 | BE24: 0 | BF24: 0
B25: 당기상품매입액 | C25: 0 | D25: 0 | E25: 0 | F25: 0 | G25: 0 | H25: 0 | I25: =IFERROR(H25/H$7,0) -> 0 | J25: =IFERROR((H25-E25)/E25,0) -> 0 | K25: =+T25+V25+X25+Z25+AB25+AD25+AF25+AH25+AJ25+AL25+AN25+AP25 -> 0 | L25: =IFERROR(K25/K$7,0) -> 0 | M25: =IFERROR((K25-H25)/H25,0) -> 0 | O25: =IFERROR(N25/N$7,0) -> 0 | Q25: =IFERROR(P25/P$7,0) -> 0 | S25: =IFERROR(R25/R$7,0) -> 0 | U25: =IFERROR(T25/T$7,0) -> 0 | W25: =IFERROR(V25/V$7,0) -> 0 | Y25: =IFERROR(X25/X$7,0) -> 0 | AA25: =IFERROR(Z25/Z$7,0) -> 0 | AC25: =IFERROR(AB25/AB$7,0) -> 0 | AE25: =IFERROR(AD25/AD$7,0) -> 0 | AG25: =IFERROR(AF25/AF$7,0) -> 0 | AI25: =IFERROR(AH25/AH$7,0) -> 0 | AK25: =IFERROR(AJ25/AJ$7,0) -> 0 | AM25: =IFERROR(AL25/AL$7,0) -> 0 | AO25: =IFERROR(AN25/AN$7,0) -> 0 | AQ25: =IFERROR(AP25/AP$7,0) -> 0 | AR25: =IF(#REF!=0,"",T25/#REF!) -> #REF! | AU25: 0 | AV25: 0 | AW25: 0 | AX25: 0 | AY25: 0 | AZ25: 0 | BA25: 0 | BB25: 0 | BC25: 0 | BD25: 0 | BE25: 0 | BF25: 0
B26: 기말상품재고액 | C26: 0 | D26: 0 | E26: 0 | F26: 0 | G26: 0 | H26: 0 | I26: =IFERROR(H26/H$7,0) -> 0 | J26: =IFERROR((H26-E26)/E26,0) -> 0 | K26: =+T26+V26+X26+Z26+AB26+AD26+AF26+AH26+AJ26+AL26+AN26+AP26 -> 0 | L26: =IFERROR(K26/K$7,0) -> 0 | M26: =IFERROR((K26-H26)/H26,0) -> 0 | O26: =IFERROR(N26/N$7,0) -> 0 | Q26: =IFERROR(P26/P$7,0) -> 0 | S26: =IFERROR(R26/R$7,0) -> 0 | U26: =IFERROR(T26/T$7,0) -> 0 | W26: =IFERROR(V26/V$7,0) -> 0 | Y26: =IFERROR(X26/X$7,0) -> 0 | AA26: =IFERROR(Z26/Z$7,0) -> 0 | AC26: =IFERROR(AB26/AB$7,0) -> 0 | AE26: =IFERROR(AD26/AD$7,0) -> 0 | AG26: =IFERROR(AF26/AF$7,0) -> 0 | AI26: =IFERROR(AH26/AH$7,0) -> 0 | AK26: =IFERROR(AJ26/AJ$7,0) -> 0 | AM26: =IFERROR(AL26/AL$7,0) -> 0 | AO26: =IFERROR(AN26/AN$7,0) -> 0 | AQ26: =IFERROR(AP26/AP$7,0) -> 0 | AR26: =IF(#REF!=0,"",T26/#REF!) -> #REF! | AU26: 0 | AV26: 0 | AW26: 0 | AX26: 0 | AY26: 0 | AZ26: 0 | BA26: 0 | BB26: 0 | BC26: 0 | BD26: 0 | BE26: 0 | BF26: 0
B27: (2) 국외매출원가 - CKD | C27: 0 | D27: 0 | E27: 0 | F27: 0 | G27: 0 | H27: 0 | I27: =IFERROR(H27/H$7,0) -> 0 | J27: =IFERROR((H27-E27)/E27,0) -> 0 | K27: =+T27+V27+X27+Z27+AB27+AD27+AF27+AH27+AJ27+AL27+AN27+AP27 -> 0 | L27: =IFERROR(K27/K$7,0) -> 0 | M27: =IFERROR((K27-H27)/H27,0) -> 0 | O27: =IFERROR(N27/N$7,0) -> 0 | Q27: =IFERROR(P27/P$7,0) -> 0 | S27: =IFERROR(R27/R$7,0) -> 0 | U27: =IFERROR(T27/T$7,0) -> 0 | W27: =IFERROR(V27/V$7,0) -> 0 | Y27: =IFERROR(X27/X$7,0) -> 0 | AA27: =IFERROR(Z27/Z$7,0) -> 0 | AC27: =IFERROR(AB27/AB$7,0) -> 0 | AE27: =IFERROR(AD27/AD$7,0) -> 0 | AG27: =IFERROR(AF27/AF$7,0) -> 0 | AI27: =IFERROR(AH27/AH$7,0) -> 0 | AK27: =IFERROR(AJ27/AJ$7,0) -> 0 | AM27: =IFERROR(AL27/AL$7,0) -> 0 | AO27: =IFERROR(AN27/AN$7,0) -> 0 | AQ27: =IFERROR(AP27/AP$7,0) -> 0 | AR27: =IF(#REF!=0,"",T27/#REF!) -> #REF! | AS27: =IF(#REF!=0,"",T27/#REF!) -> #REF! | AU27: 0 | AV27: 0 | AW27: 0 | AX27: 0 | AY27: 0 | AZ27: 0 | BA27: 0 | BB27: 0 | BC27: 0 | BD27: 0 | BE27: 0 | BF27: 0
B28: Ⅲ. 매출총이익 | C28: 1.602425e+11 | D28: 0.16920866 | E28: 2.8133688e+11 | F28: 0.21354391 | G28: 0.75569456 | H28: 3.273875e+11 | I28: =IFERROR(H28/H$7,0) -> 0.23355691 | J28: =IFERROR((H28-E28)/E28,0) -> 0.16368498 | K28: =+T28+V28+X28+Z28+AB28+AD28+AF28+AH28+AJ28+AL28+AN28+AP28 -> 4.1929554e+11 | L28: =IFERROR(K28/K$7,0) -> 0.20226976 | M28: =IFERROR((K28-H28)/H28,0) -> 0.28073167 | N28: =N7-N16 -> 3.52505e+11 | O28: =IFERROR(N28/N$7,0) -> 0.16537832 | P28: =P7-P16 -> 2.2438908e+11 | Q28: =IFERROR(P28/P$7,0) -> 0.15352752 | R28: =R7-R16 -> 2.1685353e+11 | S28: =IFERROR(R28/R$7,0) -> 0.15521415 | T28: =T7-T16 -> 2.5507451e+10 | U28: =IFERROR(T28/T$7,0) -> 0.22971102 | V28: =V7-V16 -> 2.2954788e+10 | W28: =IFERROR(V28/V$7,0) -> 0.20507729 | X28: =X7-X16 -> 3.5892662e+10 | Y28: =IFERROR(X28/X$7,0) -> 0.22818094 | Z28: =Z7-Z16 -> 4.104695e+10 | AA28: =IFERROR(Z28/Z$7,0) -> 0.22636973 | AB28: =AB7-AB16 -> 3.6194171e+10 | AC28: =IFERROR(AB28/AB$7,0) -> 0.21779181 | AD28: =AD7-AD16 -> 3.680454e+10 | AE28: =IFERROR(AD28/AD$7,0) -> 0.21267326 | AF28: =AF7-AF16 -> 3.242598e+10 | AG28: =IFERROR(AF28/AF$7,0) -> 0.20458523 | AH28: =AH7-AH16 -> 3.4251518e+10 | AI28: =IFERROR(AH28/AH$7,0) -> 0.19487417 | AJ28: =AJ7-AJ16 -> 4.007685e+10 | AK28: =IFERROR(AJ28/AJ$7,0) -> 0.18636974 | AL28: =AL7-AL16 -> 4.2516868e+10 | AM28: =IFERROR(AL28/AL$7,0) -> 0.18891952 | AN28: =AN7-AN16 -> 3.5287614e+10 | AO28: =IFERROR(AN28/AN$7,0) -> 0.1788716 | AP28: =AP7-AP16 -> 3.6336147e+10 | AQ28: =IFERROR(AP28/AP$7,0) -> 0.18124695 | AR28: =IF(#REF!=0,"",T28/#REF!) -> #REF! | AS28: =IF(#REF!=0,"",T28/#REF!) -> #REF! | AU28: 0 | AV28: 0 | AW28: 0 | AX28: 0 | AY28: 0 | AZ28: 0 | BA28: 0 | BB28: 0 | BC28: 0 | BD28: 0 | BE28: 0 | BF28: 0
B29: Ⅳ. 판매비와 관리비 | C29: 1.1265391e+11 | D29: 0.11895732 | E29: 1.7118765e+11 | F29: 0.12993703 | G29: 0.51958897 | H29: 1.7113681e+11 | I29: =IFERROR(H29/H$7,0) -> 0.12208831 | J29: =IFERROR((H29-E29)/E29,0) -> -0.00029693741 | K29: =+T29+V29+X29+Z29+AB29+AD29+AF29+AH29+AJ29+AL29+AN29+AP29 -> 2.490711e+11 | L29: =IFERROR(K29/K$7,0) -> 0.12015285 | M29: =IFERROR((K29-H29)/H29,0) -> 0.45539173 | N29: =SUM(N30:N59) -> 2.561066e+11 | O29: =IFERROR(N29/N$7,0) -> 0.12015285 | P29: =SUM(P30:P59) -> 1.7561013e+11 | Q29: =IFERROR(P29/P$7,0) -> 0.12015285 | R29: =SUM(R30:R59) -> 1.6786853e+11 | S29: =IFERROR(R29/R$7,0) -> 0.12015285 | T29: =SUM(T30:T59) -> 1.4494748e+10 | U29: =IFERROR(T29/T$7,0) -> 0.13053453 | V29: =SUM(V30:V59) -> 1.4660033e+10 | W29: =IFERROR(V29/V$7,0) -> 0.13097224 | X29: =SUM(X30:X59) -> 1.9161733e+10 | Y29: =IFERROR(X29/X$7,0) -> 0.12181716 | Z29: =SUM(Z30:Z59) -> 2.1758325e+10 | AA29: =IFERROR(Z29/Z$7,0) -> 0.11999494 | AB29: =SUM(AB30:AB59) -> 2.0280396e+10 | AC29: =IFERROR(AB29/AB$7,0) -> 0.12203358 | AD29: =SUM(AD30:AD59) -> 2.0909014e+10 | AE29: =IFERROR(AD29/AD$7,0) -> 0.12082173 | AF29: =SUM(AF30:AF59) -> 1.927288e+10 | AG29: =IFERROR(AF29/AF$7,0) -> 0.12159838 | AH29: =SUM(AH30:AH59) -> 2.0965904e+10 | AI29: =IFERROR(AH29/AH$7,0) -> 0.11928561 | AJ29: =SUM(AJ30:AJ59) -> 2.4865636e+10 | AK29: =IFERROR(AJ29/AJ$7,0) -> 0.11563289 | AL29: =SUM(AL30:AL59) -> 2.6119523e+10 | AM29: =IFERROR(AL29/AL$7,0) -> 0.11605953 | AN29: =SUM(AN30:AN59) -> 2.2956494e+10 | AO29: =IFERROR(AN29/AN$7,0) -> 0.11636561 | AP29: =SUM(AP30:AP59) -> 2.3626418e+10 | AQ29: =IFERROR(AP29/AP$7,0) -> 0.11785004 | AR29: =IF(#REF!=0,"",T29/#REF!) -> #REF! | AS29: =IF(#REF!=0,"",T29/#REF!) -> #REF! | AU29: 0 | AV29: 0 | AW29: 0 | AX29: 0 | AY29: 0 | AZ29: 0 | BA29: 0 | BB29: 0 | BC29: 0 | BD29: 0 | BE29: 0 | BF29: 0
B30: 01.급여 | C30: 7709749594 | D30: 0.0081411387 | E30: 6714820569 | F30: 0.0050967689 | G30: -0.12904816 | H30: 9253680895 | I30: =IFERROR(H30/H$7,0) -> 0.0066015384 | J30: =IFERROR((H30-E30)/E30,0) -> 0.37809801 | K30: =+T30+V30+X30+Z30+AB30+AD30+AF30+AH30+AJ30+AL30+AN30+AP30 -> 9789792000 | L30: =IFERROR(K30/K$7,0) -> 0.0047226329 | M30: =IFERROR((K30-H30)/H30,0) -> 0.057934903 | N30: =+$K30/$K$7*N$7 -> 1.0066324e+10 | O30: =IFERROR(N30/N$7,0) -> 0.0047226329 | P30: =+$K30/$K$7*P$7 -> 6.9023928e+09 | Q30: =IFERROR(P30/P$7,0) -> 0.0047226329 | R30: =+$K30/$K$7*R$7 -> 6.5981076e+09 | S30: =IFERROR(R30/R$7,0) -> 0.0047226329 | T30: =+AU30 -> 815816000 | U30: =IFERROR(T30/T$7,0) -> 0.0073469482 | V30: =+AV30 -> 815816000 | W30: =IFERROR(V30/V$7,0) -> 0.0072884721 | X30: =+AW30 -> 815816000 | Y30: =IFERROR(X30/X$7,0) -> 0.0051863988 | Z30: =+AX30 -> 815816000 | AA30: =IFERROR(Z30/Z$7,0) -> 0.0044991417 | AB30: =+AY30 -> 815816000 | AC30: =IFERROR(AB30/AB$7,0) -> 0.0049090236 | AD30: =+AZ30 -> 815816000 | AE30: =IFERROR(AD30/AD$7,0) -> 0.0047141535 | AF30: =+BA30 -> 815816000 | AG30: =IFERROR(AF30/AF$7,0) -> 0.0051472277 | AH30: =+BB30 -> 815816000 | AI30: =IFERROR(AH30/AH$7,0) -> 0.004641589 | AJ30: =+BC30 -> 815816000 | AK30: =IFERROR(AJ30/AJ$7,0) -> 0.0037937965 | AL30: =+BD30 -> 815816000 | AM30: =IFERROR(AL30/AL$7,0) -> 0.0036249981 | AN30: =+BE30 -> 815816000 | AO30: =IFERROR(AN30/AN$7,0) -> 0.004135341 | AP30: =+BF30 -> 815816000 | AQ30: =IFERROR(AP30/AP$7,0) -> 0.0040693407 | AR30: =IF(#REF!=0,"",T30/#REF!) -> #REF! | AS30: =IF(#REF!=0,"",T30/#REF!) -> #REF! | AU30: 815816000 | AV30: 815816000 | AW30: 815816000 | AX30: 815816000 | AY30: 815816000 | AZ30: 815816000 | BA30: 815816000 | BB30: 815816000 | BC30: 815816000 | BD30: 815816000 | BE30: 815816000 | BF30: 815816000
B31: '01.1 급여-4대보험 | C31: 609320300 | D31: 0.00064341403 | E31: 568063900 | F31: 0.00043117912 | G31: -0.067708888 | H31: 896082500 | I31: =IFERROR(H31/H$7,0) -> 0.00063926162 | J31: =IFERROR((H31-E31)/E31,0) -> 0.57743257 | K31: =+T31+V31+X31+Z31+AB31+AD31+AF31+AH31+AJ31+AL31+AN31+AP31 -> 949276560 | L31: =IFERROR(K31/K$7,0) -> 0.00045793462 | M31: =IFERROR((K31-H31)/H31,0) -> 0.059362905 | N31: =+$K31/$K$7*N$7 -> 9.7609072e+08 | O31: =IFERROR(N31/N$7,0) -> 0.00045793462 | P31: =+$K31/$K$7*P$7 -> 6.6929713e+08 | Q31: =IFERROR(P31/P$7,0) -> 0.00045793462 | R31: =+$K31/$K$7*R$7 -> 6.3979182e+08 | S31: =IFERROR(R31/R$7,0) -> 0.00045793462 | T31: =+AU31 -> 79106380 | U31: =IFERROR(T31/T$7,0) -> 0.00071240387 | V31: =+AV31 -> 79106380 | W31: =IFERROR(V31/V$7,0) -> 0.00070673368 | X31: =+AW31 -> 79106380 | Y31: =IFERROR(X31/X$7,0) -> 0.00050290413 | Z31: =+AX31 -> 79106380 | AA31: =IFERROR(Z31/Z$7,0) -> 0.00043626359 | AB31: =+AY31 -> 79106380 | AC31: =IFERROR(AB31/AB$7,0) -> 0.00047600818 | AD31: =+AZ31 -> 79106380 | AE31: =IFERROR(AD31/AD$7,0) -> 0.00045711241 | AF31: =+BA31 -> 79106380 | AG31: =IFERROR(AF31/AF$7,0) -> 0.00049910586 | AH31: =+BB31 -> 79106380 | AI31: =IFERROR(AH31/AH$7,0) -> 0.00045007612 | AJ31: =+BC31 -> 79106380 | AK31: =IFERROR(AJ31/AJ$7,0) -> 0.00036786911 | AL31: =+BD31 -> 79106380 | AM31: =IFERROR(AL31/AL$7,0) -> 0.00035150142 | AN31: =+BE31 -> 79106380 | AO31: =IFERROR(AN31/AN$7,0) -> 0.0004009873 | AP31: =+BF31 -> 79106380 | AQ31: =IFERROR(AP31/AP$7,0) -> 0.00039458752 | AU31: 79106380 | AV31: 79106380 | AW31: 79106380 | AX31: 79106380 | AY31: 79106380 | AZ31: 79106380 | BA31: 79106380 | BB31: 79106380 | BC31: 79106380 | BD31: 79106380 | BE31: 79106380 | BF31: 79106380
B32: 02.잡급 | C32: 2605695929 | D32: 0.0027514943 | E32: 2610299478 | F32: 0.0019813028 | G32: 0.0017667253 | H32: 2798064295 | I32: =IFERROR(H32/H$7,0) -> 0.0019961277 | J32: =IFERROR((H32-E32)/E32,0) -> 0.071932289 | K32: =+T32+V32+X32+Z32+AB32+AD32+AF32+AH32+AJ32+AL32+AN32+AP32 -> 3326380000 | L32: =IFERROR(K32/K$7,0) -> 0.0016046584 | M32: =IFERROR((K32-H32)/H32,0) -> 0.18881471 | N32: =+$K32/$K$7*N$7 -> 3.4203401e+09 | O32: =IFERROR(N32/N$7,0) -> 0.0016046584 | P32: =+$K32/$K$7*P$7 -> 2.3452982e+09 | Q32: =IFERROR(P32/P$7,0) -> 0.0016046584 | R32: =+$K32/$K$7*R$7 -> 2.241908e+09 | S32: =IFERROR(R32/R$7,0) -> 0.0016046584 | T32: =+AU32 -> 282240000 | U32: =IFERROR(T32/T$7,0) -> 0.0025417529 | V32: =+AV32 -> 257240000 | W32: =IFERROR(V32/V$7,0) -> 0.0022981733 | X32: =+AW32 -> 257240000 | Y32: =IFERROR(X32/X$7,0) -> 0.0016353556 | Z32: =+AX32 -> 264240000 | AA32: =IFERROR(Z32/Z$7,0) -> 0.0014572565 | AB32: =+AY32 -> 282240000 | AC32: =IFERROR(AB32/AB$7,0) -> 0.0016983276 | AD32: =+AZ32 -> 267240000 | AE32: =IFERROR(AD32/AD$7,0) -> 0.0015442335 | AF32: =+BA32 -> 257240000 | AG32: =IFERROR(AF32/AF$7,0) -> 0.0016230043 | AH32: =+BB32 -> 272240000 | AI32: =IFERROR(AH32/AH$7,0) -> 0.0015489108 | AJ32: =+BC32 -> 282240000 | AK32: =IFERROR(AJ32/AJ$7,0) -> 0.0013125032 | AL32: =+BD32 -> 382240000 | AM32: =IFERROR(AL32/AL$7,0) -> 0.0016984458 | AN32: =+BE32 -> 257240000 | AO32: =IFERROR(AN32/AN$7,0) -> 0.00130394 | AP32: =+BF32 -> 264740000 | AQ32: =IFERROR(AP32/AP$7,0) -> 0.0013205395 | AR32: =IF(#REF!=0,"",T32/#REF!) -> #REF! | AS32: =IF(#REF!=0,"",T32/#REF!) -> #REF! | AU32: 282240000 | AV32: 257240000 | AW32: 257240000 | AX32: 264240000 | AY32: 282240000 | AZ32: 267240000 | BA32: 257240000 | BB32: 272240000 | BC32: 282240000 | BD32: 382240000 | BE32: 257240000 | BF32: 264740000
B33: 03.퇴직급여 | C33: 0 | D33: 0 | E33: 0 | F33: 0 | G33: 0 | H33: 0 | I33: =IFERROR(H33/H$7,0) -> 0 | J33: =IFERROR((H33-E33)/E33,0) -> 0 | K33: =+T33+V33+X33+Z33+AB33+AD33+AF33+AH33+AJ33+AL33+AN33+AP33 -> 0 | L33: =IFERROR(K33/K$7,0) -> 0 | M33: =IFERROR((K33-H33)/H33,0) -> 0 | N33: =+$K33/$K$7*N$7 -> 0 | O33: =IFERROR(N33/N$7,0) -> 0 | P33: =+$K33/$K$7*P$7 -> 0 | Q33: =IFERROR(P33/P$7,0) -> 0 | R33: =+$K33/$K$7*R$7 -> 0 | S33: =IFERROR(R33/R$7,0) -> 0 | T33: =+AU33 -> 0 | U33: =IFERROR(T33/T$7,0) -> 0 | V33: =+AV33 -> 0 | W33: =IFERROR(V33/V$7,0) -> 0 | X33: =+AW33 -> 0 | Y33: =IFERROR(X33/X$7,0) -> 0 | Z33: =+AX33 -> 0 | AA33: =IFERROR(Z33/Z$7,0) -> 0 | AB33: =+AY33 -> 0 | AC33: =IFERROR(AB33/AB$7,0) -> 0 | AD33: =+AZ33 -> 0 | AE33: =IFERROR(AD33/AD$7,0) -> 0 | AF33: =+BA33 -> 0 | AG33: =IFERROR(AF33/AF$7,0) -> 0 | AH33: =+BB33 -> 0 | AI33: =IFERROR(AH33/AH$7,0) -> 0 | AJ33: =+BC33 -> 0 | AK33: =IFERROR(AJ33/AJ$7,0) -> 0 | AL33: =+BD33 -> 0 | AM33: =IFERROR(AL33/AL$7,0) -> 0 | AN33: =+BE33 -> 0 | AO33: =IFERROR(AN33/AN$7,0) -> 0 | AP33: =+BF33 -> 0 | AQ33: =IFERROR(AP33/AP$7,0) -> 0 | AR33: =IF(#REF!=0,"",T33/#REF!) -> #REF! | AS33: =IF(#REF!=0,"",T33/#REF!) -> #REF! | AU33: 0 | AV33: 0 | AW33: 0 | AX33: 0 | AY33: 0 | AZ33: 0 | BA33: 0 | BB33: 0 | BC33: 0 | BD33: 0 | BE33: 0 | BF33: 0
B34: 04.복리후생비 | C34: 1.8554644e+09 | D34: 0.0019592845 | E34: 1.7077075e+09 | F34: 0.0012962059 | G34: -0.079633399 | H34: 359423397 | I34: =IFERROR(H34/H$7,0) -> 0.00025641119 | J34: =IFERROR((H34-E34)/E34,0) -> -0.78952871 | K34: =+T34+V34+X34+Z34+AB34+AD34+AF34+AH34+AJ34+AL34+AN34+AP34 -> 944352000 | L34: =IFERROR(K34/K$7,0) -> 0.000455559 | M34: =IFERROR((K34-H34)/H34,0) -> 1.6274083 | N34: =+$K34/$K$7*N$7 -> 9.7102705e+08 | O34: =IFERROR(N34/N$7,0) -> 0.000455559 | P34: =+$K34/$K$7*P$7 -> 6.6582502e+08 | Q34: =IFERROR(P34/P$7,0) -> 0.000455559 | R34: =+$K34/$K$7*R$7 -> 6.3647278e+08 | S34: =IFERROR(R34/R$7,0) -> 0.000455559 | T34: =+AU34 -> 79696000 | U34: =IFERROR(T34/T$7,0) -> 0.00071771378 | V34: =+AV34 -> 214696000 | W34: =IFERROR(V34/V$7,0) -> 0.0019180867 | X34: =+AW34 -> 54696000 | Y34: =IFERROR(X34/X$7,0) -> 0.00034771967 | Z34: =+AX34 -> 64696000 | AA34: =IFERROR(Z34/Z$7,0) -> 0.00035679182 | AB34: =+AY34 -> 54696000 | AC34: =IFERROR(AB34/AB$7,0) -> 0.00032912318 | AD34: =+AZ34 -> 54696000 | AE34: =IFERROR(AD34/AD$7,0) -> 0.00031605821 | AF34: =+BA34 -> 87696000 | AG34: =IFERROR(AF34/AF$7,0) -> 0.00055330035 | AH34: =+BB34 -> 64696000 | AI34: =IFERROR(AH34/AH$7,0) -> 0.0003680882 | AJ34: =+BC34 -> 54696000 | AK34: =IFERROR(AJ34/AJ$7,0) -> 0.0002543533 | AL34: =+BD34 -> 54696000 | AM34: =IFERROR(AL34/AL$7,0) -> 0.0002430363 | AN34: =+BE34 -> 54696000 | AO34: =IFERROR(AN34/AN$7,0) -> 0.00027725199 | AP34: =+BF34 -> 104696000 | AQ34: =IFERROR(AP34/AP$7,0) -> 0.00052223013 | AR34: =IF(#REF!=0,"",T34/#REF!) -> #REF! | AS34: =IF(#REF!=0,"",T34/#REF!) -> #REF! | AU34: 79696000 | AV34: 214696000 | AW34: 54696000 | AX34: 64696000 | AY34: 54696000 | AZ34: 54696000 | BA34: 87696000 | BB34: 64696000 | BC34: 54696000 | BD34: 54696000 | BE34: 54696000 | BF34: 104696000
B35: 05.여비교통비 | C35: 168468922 | D35: 0.00017789538 | E35: 75941730 | F35: 5.7642262e-05 | G35: -0.5492241 | H35: 264043510 | I35: =IFERROR(H35/H$7,0) -> 0.00018836757 | J35: =IFERROR((H35-E35)/E35,0) -> 2.4769225 | K35: =+T35+V35+X35+Z35+AB35+AD35+AF35+AH35+AJ35+AL35+AN35+AP35 -> 84000000 | L35: =IFERROR(K35/K$7,0) -> 4.052192e-05 | M35: =IFERROR((K35-H35)/H35,0) -> -0.68187061 | N35: =+$K35/$K$7*N$7 -> 86372743 | O35: =IFERROR(N35/N$7,0) -> 4.052192e-05 | P35: =+$K35/$K$7*P$7 -> 59225058 | Q35: =IFERROR(P35/P$7,0) -> 4.052192e-05 | R35: =+$K35/$K$7*R$7 -> 56614179 | S35: =IFERROR(R35/R$7,0) -> 4.052192e-05 | T35: =+AU35 -> 7000000 | U35: =IFERROR(T35/T$7,0) -> 6.3039506e-05 | V35: =+AV35 -> 7000000 | W35: =IFERROR(V35/V$7,0) -> 6.253776e-05 | X35: =+AW35 -> 7000000 | Y35: =IFERROR(X35/X$7,0) -> 4.4501201e-05 | Z35: =+AX35 -> 7000000 | AA35: =IFERROR(Z35/Z$7,0) -> 3.8604283e-05 | AB35: =+AY35 -> 7000000 | AC35: =IFERROR(AB35/AB$7,0) -> 4.212122e-05 | AD35: =+AZ35 -> 7000000 | AE35: =IFERROR(AD35/AD$7,0) -> 4.0449163e-05 | AF35: =+BA35 -> 7000000 | AG35: =IFERROR(AF35/AF$7,0) -> 4.4165098e-05 | AH35: =+BB35 -> 7000000 | AI35: =IFERROR(AH35/AH$7,0) -> 3.9826533e-05 | AJ35: =+BC35 -> 7000000 | AK35: =IFERROR(AJ35/AJ$7,0) -> 3.2552163e-05 | AL35: =+BD35 -> 7000000 | AM35: =IFERROR(AL35/AL$7,0) -> 3.1103811e-05 | AN35: =+BE35 -> 7000000 | AO35: =IFERROR(AN35/AN$7,0) -> 3.548274e-05 | AP35: =+BF35 -> 7000000 | AQ35: =IFERROR(AP35/AP$7,0) -> 3.4916434e-05 | AR35: =IF(#REF!=0,"",T35/#REF!) -> #REF! | AS35: =IF(#REF!=0,"",T35/#REF!) -> #REF! | AU35: 7000000 | AV35: 7000000 | AW35: 7000000 | AX35: 7000000 | AY35: 7000000 | AZ35: 7000000 | BA35: 7000000 | BB35: 7000000 | BC35: 7000000 | BD35: 7000000 | BE35: 7000000 | BF35: 7000000
B36: 06.접대비 | C36: 140932973 | D36: 0.0001488187 | E36: 407562330 | F36: 0.00030935316 | G36: 1.8918877 | H36: 756674089 | I36: =IFERROR(H36/H$7,0) -> 0.00053980823 | J36: =IFERROR((H36-E36)/E36,0) -> 0.85658495 | K36: =+T36+V36+X36+Z36+AB36+AD36+AF36+AH36+AJ36+AL36+AN36+AP36 -> 540000000 | L36: =IFERROR(K36/K$7,0) -> 0.00026049805 | M36: =IFERROR((K36-H36)/H36,0) -> -0.28635061 | N36: =+$K36/$K$7*N$7 -> 5.5525335e+08 | O36: =IFERROR(N36/N$7,0) -> 0.00026049805 | P36: =+$K36/$K$7*P$7 -> 3.8073251e+08 | Q36: =IFERROR(P36/P$7,0) -> 0.00026049805 | R36: =+$K36/$K$7*R$7 -> 3.6394829e+08 | S36: =IFERROR(R36/R$7,0) -> 0.00026049805 | T36: =+AU36 -> 20000000 | U36: =IFERROR(T36/T$7,0) -> 0.00018011287 | V36: =+AV36 -> 20000000 | W36: =IFERROR(V36/V$7,0) -> 0.00017867931 | X36: =+AW36 -> 20000000 | Y36: =IFERROR(X36/X$7,0) -> 0.00012714629 | Z36: =+AX36 -> 20000000 | AA36: =IFERROR(Z36/Z$7,0) -> 0.00011029795 | AB36: =+AY36 -> 20000000 | AC36: =IFERROR(AB36/AB$7,0) -> 0.00012034634 | AD36: =+AZ36 -> 20000000 | AE36: =IFERROR(AD36/AD$7,0) -> 0.00011556904 | AF36: =+BA36 -> 20000000 | AG36: =IFERROR(AF36/AF$7,0) -> 0.00012618599 | AH36: =+BB36 -> 20000000 | AI36: =IFERROR(AH36/AH$7,0) -> 0.0001137901 | AJ36: =+BC36 -> 20000000 | AK36: =IFERROR(AJ36/AJ$7,0) -> 9.3006179e-05 | AL36: =+BD36 -> 20000000 | AM36: =IFERROR(AL36/AL$7,0) -> 8.8868033e-05 | AN36: =+BE36 -> 20000000 | AO36: =IFERROR(AN36/AN$7,0) -> 0.00010137926 | AP36: =+BF36 -> 320000000 | AQ36: =IFERROR(AP36/AP$7,0) -> 0.0015961798 | AR36: =IF(#REF!=0,"",T36/#REF!) -> #REF! | AS36: =IF(#REF!=0,"",T36/#REF!) -> #REF! | AU36: 20000000 | AV36: 20000000 | AW36: 20000000 | AX36: 20000000 | AY36: 20000000 | AZ36: 20000000 | BA36: 20000000 | BB36: 20000000 | BC36: 20000000 | BD36: 20000000 | BE36: 20000000 | BF36: 320000000
B37: 07.통신비 | C37: 60602529 | D37: 6.3993465e-05 | E37: 87939378 | F37: 6.674887e-05 | G37: 0.45108429 | H37: 106926887 | I37: =IFERROR(H37/H$7,0) -> 7.6281208e-05 | J37: =IFERROR((H37-E37)/E37,0) -> 0.21591589 | K37: =+T37+V37+X37+Z37+AB37+AD37+AF37+AH37+AJ37+AL37+AN37+AP37 -> 100800000 | L37: =IFERROR(K37/K$7,0) -> 4.8626304e-05 | M37: =IFERROR((K37-H37)/H37,0) -> -0.057299779 | N37: =+$K37/$K$7*N$7 -> 1.0364729e+08 | O37: =IFERROR(N37/N$7,0) -> 4.8626304e-05 | P37: =+$K37/$K$7*P$7 -> 71070069 | Q37: =IFERROR(P37/P$7,0) -> 4.8626304e-05 | R37: =+$K37/$K$7*R$7 -> 67937015 | S37: =IFERROR(R37/R$7,0) -> 4.8626304e-05 | T37: =+AU37 -> 8400000 | U37: =IFERROR(T37/T$7,0) -> 7.5647407e-05 | V37: =+AV37 -> 8400000 | W37: =IFERROR(V37/V$7,0) -> 7.5045312e-05 | X37: =+AW37 -> 8400000 | Y37: =IFERROR(X37/X$7,0) -> 5.3401441e-05 | Z37: =+AX37 -> 8400000 | AA37: =IFERROR(Z37/Z$7,0) -> 4.632514e-05 | AB37: =+AY37 -> 8400000 | AC37: =IFERROR(AB37/AB$7,0) -> 5.0545464e-05 | AD37: =+AZ37 -> 8400000 | AE37: =IFERROR(AD37/AD$7,0) -> 4.8538996e-05 | AF37: =+BA37 -> 8400000 | AG37: =IFERROR(AF37/AF$7,0) -> 5.2998118e-05 | AH37: =+BB37 -> 8400000 | AI37: =IFERROR(AH37/AH$7,0) -> 4.779184e-05 | AJ37: =+BC37 -> 8400000 | AK37: =IFERROR(AJ37/AJ$7,0) -> 3.9062595e-05 | AL37: =+BD37 -> 8400000 | AM37: =IFERROR(AL37/AL$7,0) -> 3.7324574e-05 | AN37: =+BE37 -> 8400000 | AO37: =IFERROR(AN37/AN$7,0) -> 4.2579288e-05 | AP37: =+BF37 -> 8400000 | AQ37: =IFERROR(AP37/AP$7,0) -> 4.189972e-05 | AR37: =IF(#REF!=0,"",T37/#REF!) -> #REF! | AS37: =IF(#REF!=0,"",T37/#REF!) -> #REF! | AU37: 8400000 | AV37: 8400000 | AW37: 8400000 | AX37: 8400000 | AY37: 8400000 | AZ37: 8400000 | BA37: 8400000 | BB37: 8400000 | BC37: 8400000 | BD37: 8400000 | BE37: 8400000 | BF37: 8400000
B38: 08.수도광열비 | C38: 7.6102778e+08 | D38: 0.00080361011 | E38: 796627238 | F38: 0.00060466618 | G38: 0.046778136 | H38: 881781298 | I38: =IFERROR(H38/H$7,0) -> 0.0006290592 | J38: =IFERROR((H38-E38)/E38,0) -> 0.10689323 | K38: =+T38+V38+X38+Z38+AB38+AD38+AF38+AH38+AJ38+AL38+AN38+AP38 -> 942700000 | L38: =IFERROR(K38/K$7,0) -> 0.00045476207 | M38: =IFERROR((K38-H38)/H38,0) -> 0.069085954 | N38: =+$K38/$K$7*N$7 -> 9.6932839e+08 | O38: =IFERROR(N38/N$7,0) -> 0.00045476207 | P38: =+$K38/$K$7*P$7 -> 6.6466026e+08 | Q38: =IFERROR(P38/P$7,0) -> 0.00045476207 | R38: =+$K38/$K$7*R$7 -> 6.3535937e+08 | S38: =IFERROR(R38/R$7,0) -> 0.00045476207 | T38: =+AU38 -> 44600000 | U38: =IFERROR(T38/T$7,0) -> 0.00040165171 | V38: =+AV38 -> 51200000 | W38: =IFERROR(V38/V$7,0) -> 0.00045741904 | X38: =+AW38 -> 56700000 | Y38: =IFERROR(X38/X$7,0) -> 0.00036045973 | Z38: =+AX38 -> 66300000 | AA38: =IFERROR(Z38/Z$7,0) -> 0.00036563771 | AB38: =+AY38 -> 85500000 | AC38: =IFERROR(AB38/AB$7,0) -> 0.00051448062 | AD38: =+AZ38 -> 112200000 | AE38: =IFERROR(AD38/AD$7,0) -> 0.0006483423 | AF38: =+BA38 -> 106700000 | AG38: =IFERROR(AF38/AF$7,0) -> 0.00067320228 | AH38: =+BB38 -> 98700000 | AI38: =IFERROR(AH38/AH$7,0) -> 0.00056155412 | AJ38: =+BC38 -> 92700000 | AK38: =IFERROR(AJ38/AJ$7,0) -> 0.00043108364 | AL38: =+BD38 -> 84700000 | AM38: =IFERROR(AL38/AL$7,0) -> 0.00037635612 | AN38: =+BE38 -> 78700000 | AO38: =IFERROR(AN38/AN$7,0) -> 0.00039892737 | AP38: =+BF38 -> 64700000 | AQ38: =IFERROR(AP38/AP$7,0) -> 0.00032272761 | AR38: =IF(#REF!=0,"",T38/#REF!) -> #REF! | AS38: =IF(#REF!=0,"",T38/#REF!) -> #REF! | AU38: 44600000 | AV38: 51200000 | AW38: 56700000 | AX38: 66300000 | AY38: 85500000 | AZ38: 112200000 | BA38: 106700000 | BB38: 98700000 | BC38: 92700000 | BD38: 84700000 | BE38: 78700000 | BF38: 64700000
B39: 09.세금과공과 | C39: 344847403 | D39: 0.0003641429 | E39: 225926140 | F39: 0.00017148534 | G39: -0.34485184 | H39: 3.9700482e+08 | I39: =IFERROR(H39/H$7,0) -> 0.00028322163 | J39: =IFERROR((H39-E39)/E39,0) -> 0.7572328 | K39: =+T39+V39+X39+Z39+AB39+AD39+AF39+AH39+AJ39+AL39+AN39+AP39 -> 300000000 | L39: =IFERROR(K39/K$7,0) -> 0.00014472114 | M39: =IFERROR((K39-H39)/H39,0) -> -0.24434168 | N39: =+$K39/$K$7*N$7 -> 3.0847408e+08 | O39: =IFERROR(N39/N$7,0) -> 0.00014472114 | P39: =+$K39/$K$7*P$7 -> 2.1151806e+08 | Q39: =IFERROR(P39/P$7,0) -> 0.00014472114 | R39: =+$K39/$K$7*R$7 -> 2.021935e+08 | S39: =IFERROR(R39/R$7,0) -> 0.00014472114 | T39: =+AU39 -> 25000000 | U39: =IFERROR(T39/T$7,0) -> 0.00022514109 | V39: =+AV39 -> 25000000 | W39: =IFERROR(V39/V$7,0) -> 0.00022334914 | X39: =+AW39 -> 25000000 | Y39: =IFERROR(X39/X$7,0) -> 0.00015893286 | Z39: =+AX39 -> 25000000 | AA39: =IFERROR(Z39/Z$7,0) -> 0.00013787244 | AB39: =+AY39 -> 25000000 | AC39: =IFERROR(AB39/AB$7,0) -> 0.00015043293 | AD39: =+AZ39 -> 25000000 | AE39: =IFERROR(AD39/AD$7,0) -> 0.0001444613 | AF39: =+BA39 -> 25000000 | AG39: =IFERROR(AF39/AF$7,0) -> 0.00015773249 | AH39: =+BB39 -> 25000000 | AI39: =IFERROR(AH39/AH$7,0) -> 0.00014223762 | AJ39: =+BC39 -> 25000000 | AK39: =IFERROR(AJ39/AJ$7,0) -> 0.00011625772 | AL39: =+BD39 -> 25000000 | AM39: =IFERROR(AL39/AL$7,0) -> 0.00011108504 | AN39: =+BE39 -> 25000000 | AO39: =IFERROR(AN39/AN$7,0) -> 0.00012672407 | AP39: =+BF39 -> 25000000 | AQ39: =IFERROR(AP39/AP$7,0) -> 0.00012470155 | AR39: =IF(#REF!=0,"",T39/#REF!) -> #REF! | AS39: =IF(#REF!=0,"",T39/#REF!) -> #REF! | AU39: 25000000 | AV39: 25000000 | AW39: 25000000 | AX39: 25000000 | AY39: 25000000 | AZ39: 25000000 | BA39: 25000000 | BB39: 25000000 | BC39: 25000000 | BD39: 25000000 | BE39: 25000000 | BF39: 25000000
B40: 10.감가상각비 | C40: 4.465626e+09 | D40: 0.0047154943 | E40: 3.7885561e+09 | F40: 0.0028756382 | G40: -0.15161813 | H40: 4.1408149e+09 | I40: =IFERROR(H40/H$7,0) -> 0.0029540405 | J40: =IFERROR((H40-E40)/E40,0) -> 0.092979683 | K40: =+T40+V40+X40+Z40+AB40+AD40+AF40+AH40+AJ40+AL40+AN40+AP40 -> 4.7834464e+09 | L40: =IFERROR(K40/K$7,0) -> 0.0023075528 | M40: =IFERROR((K40-H40)/H40,0) -> 0.15519447 | N40: =+$K40/$K$7*N$7 -> 4.9185642e+09 | O40: =IFERROR(N40/N$7,0) -> 0.0023075528 | P40: =+$K40/$K$7*P$7 -> 3.3726178e+09 | Q40: =IFERROR(P40/P$7,0) -> 0.0023075528 | R40: =+$K40/$K$7*R$7 -> 3.2239392e+09 | S40: =IFERROR(R40/R$7,0) -> 0.0023075528 | T40: =+AU40 -> 4.6308749e+08 | U40: =IFERROR(T40/T$7,0) -> 0.004170401 | V40: =+AV40 -> 459983774 | W40: =IFERROR(V40/V$7,0) -> 0.0041094792 | X40: =+AW40 -> 470408475 | Y40: =IFERROR(X40/X$7,0) -> 0.0029905346 | Z40: =+AX40 -> 458908143 | AA40: =IFERROR(Z40/Z$7,0) -> 0.0025308314 | AB40: =+AY40 -> 462582593 | AC40: =IFERROR(AB40/AB$7,0) -> 0.0027835062 | AD40: =+AZ40 -> 459469179 | AE40: =IFERROR(AD40/AD$7,0) -> 0.0026550206 | AF40: =+BA40 -> 4.0524877e+08 | AG40: =IFERROR(AF40/AF$7,0) -> 0.0025568359 | AH40: =+BB40 -> 323169863 | AI40: =IFERROR(AH40/AH$7,0) -> 0.0018386765 | AJ40: =+BC40 -> 331966032 | AK40: =IFERROR(AJ40/AJ$7,0) -> 0.0015437446 | AL40: =+BD40 -> 317029925 | AM40: =IFERROR(AL40/AL$7,0) -> 0.0014086913 | AN40: =+BE40 -> 314579811 | AO40: =IFERROR(AN40/AN$7,0) -> 0.0015945934 | AP40: =+BF40 -> 317012380 | AQ40: =IFERROR(AP40/AP$7,0) -> 0.0015812774 | AR40: =IF(#REF!=0,"",T40/#REF!) -> #REF! | AS40: =IF(#REF!=0,"",T40/#REF!) -> #REF! | AU40: 4.6308749e+08 | AV40: 459983774 | AW40: 470408475 | AX40: 458908143 | AY40: 462582593 | AZ40: 459469179 | BA40: 4.0524877e+08 | BB40: 323169863 | BC40: 331966032 | BD40: 317029925 | BE40: 314579811 | BF40: 317012380
B41: 11.지급임차료 | C41: 1510616688 | D41: 0.0015951413 | E41: 1510616688 | F41: 0.0011466076 | G41: 0 | H41: 1510616688 | I41: =IFERROR(H41/H$7,0) -> 0.0010776678 | J41: =IFERROR((H41-E41)/E41,0) -> 0 | K41: =+T41+V41+X41+Z41+AB41+AD41+AF41+AH41+AJ41+AL41+AN41+AP41 -> 1510616688 | L41: =IFERROR(K41/K$7,0) -> 0.00072872724 | M41: =IFERROR((K41-H41)/H41,0) -> 0 | N41: =+$K41/$K$7*N$7 -> 1.553287e+09 | O41: =IFERROR(N41/N$7,0) -> 0.00072872724 | P41: =+$K41/$K$7*P$7 -> 1.0650757e+09 | Q41: =IFERROR(P41/P$7,0) -> 0.00072872724 | R41: =+$K41/$K$7*R$7 -> 1.0181229e+09 | S41: =IFERROR(R41/R$7,0) -> 0.00072872724 | T41: =+AU41 -> 125884724 | U41: =IFERROR(T41/T$7,0) -> 0.001133673 | V41: =+AV41 -> 125884724 | W41: =IFERROR(V41/V$7,0) -> 0.0011246498 | X41: =+AW41 -> 125884724 | Y41: =IFERROR(X41/X$7,0) -> 0.00080028877 | Z41: =+AX41 -> 125884724 | AA41: =IFERROR(Z41/Z$7,0) -> 0.00069424137 | AB41: =+AY41 -> 125884724 | AC41: =IFERROR(AB41/AB$7,0) -> 0.00075748831 | AD41: =+AZ41 -> 125884724 | AE41: =IFERROR(AD41/AD$7,0) -> 0.00072741882 | AF41: =+BA41 -> 125884724 | AG41: =IFERROR(AF41/AF$7,0) -> 0.00079424446 | AH41: =+BB41 -> 125884724 | AI41: =IFERROR(AH41/AH$7,0) -> 0.00071622174 | AJ41: =+BC41 -> 125884724 | AK41: =IFERROR(AJ41/AJ$7,0) -> 0.00058540286 | AL41: =+BD41 -> 125884724 | AM41: =IFERROR(AL41/AL$7,0) -> 0.00055935639 | AN41: =+BE41 -> 125884724 | AO41: =IFERROR(AN41/AN$7,0) -> 0.00063810498 | AP41: =+BF41 -> 125884724 | AQ41: =IFERROR(AP41/AP$7,0) -> 0.0006279208 | AR41: =IF(#REF!=0,"",T41/#REF!) -> #REF! | AS41: =IF(#REF!=0,"",T41/#REF!) -> #REF! | AU41: 125884724 | AV41: 125884724 | AW41: 125884724 | AX41: 125884724 | AY41: 125884724 | AZ41: 125884724 | BA41: 125884724 | BB41: 125884724 | BC41: 125884724 | BD41: 125884724 | BE41: 125884724 | BF41: 125884724
B42: 12.수선비 | C42: 75214700 | D42: 7.9423242e-05 | E42: 141360000 | F42: 0.00010729687 | G42: 0.87941985 | H42: 148184500 | I42: =IFERROR(H42/H$7,0) -> 0.00010571422 | J42: =IFERROR((H42-E42)/E42,0) -> 0.048277448 | K42: =+T42+V42+X42+Z42+AB42+AD42+AF42+AH42+AJ42+AL42+AN42+AP42 -> 160000000 | L42: =IFERROR(K42/K$7,0) -> 7.7184609e-05 | M42: =IFERROR((K42-H42)/H42,0) -> 0.07973506 | N42: =+$K42/$K$7*N$7 -> 1.6451951e+08 | O42: =IFERROR(N42/N$7,0) -> 7.7184609e-05 | P42: =+$K42/$K$7*P$7 -> 1.1280963e+08 | Q42: =IFERROR(P42/P$7,0) -> 7.7184609e-05 | R42: =+$K42/$K$7*R$7 -> 1.0783653e+08 | S42: =IFERROR(R42/R$7,0) -> 7.7184609e-05 | T42: =+AU42 -> 5000000 | U42: =IFERROR(T42/T$7,0) -> 4.5028219e-05 | V42: =+AV42 -> 5000000 | W42: =IFERROR(V42/V$7,0) -> 4.4669828e-05 | X42: =+AW42 -> 5000000 | Y42: =IFERROR(X42/X$7,0) -> 3.1786572e-05 | Z42: =+AX42 -> 35000000 | AA42: =IFERROR(Z42/Z$7,0) -> 0.00019302142 | AB42: =+AY42 -> 5000000 | AC42: =IFERROR(AB42/AB$7,0) -> 3.0086586e-05 | AD42: =+AZ42 -> 35000000 | AE42: =IFERROR(AD42/AD$7,0) -> 0.00020224582 | AF42: =+BA42 -> 5000000 | AG42: =IFERROR(AF42/AF$7,0) -> 3.1546499e-05 | AH42: =+BB42 -> 35000000 | AI42: =IFERROR(AH42/AH$7,0) -> 0.00019913267 | AJ42: =+BC42 -> 5000000 | AK42: =IFERROR(AJ42/AJ$7,0) -> 2.3251545e-05 | AL42: =+BD42 -> 5000000 | AM42: =IFERROR(AL42/AL$7,0) -> 2.2217008e-05 | AN42: =+BE42 -> 15000000 | AO42: =IFERROR(AN42/AN$7,0) -> 7.6034442e-05 | AP42: =+BF42 -> 5000000 | AQ42: =IFERROR(AP42/AP$7,0) -> 2.494031e-05 | AR42: =IF(#REF!=0,"",T42/#REF!) -> #REF! | AS42: =IF(#REF!=0,"",T42/#REF!) -> #REF! | AU42: 5000000 | AV42: 5000000 | AW42: 5000000 | AX42: 35000000 | AY42: 5000000 | AZ42: 35000000 | BA42: 5000000 | BB42: 35000000 | BC42: 5000000 | BD42: 5000000 | BE42: 15000000 | BF42: 5000000
B43: 13.보험료 | C43: 0 | D43: 0 | E43: 0 | F43: 0 | G43: 0 | H43: 0 | I43: =IFERROR(H43/H$7,0) -> 0 | J43: =IFERROR((H43-E43)/E43,0) -> 0 | K43: =+T43+V43+X43+Z43+AB43+AD43+AF43+AH43+AJ43+AL43+AN43+AP43 -> 0 | L43: =IFERROR(K43/K$7,0) -> 0 | M43: =IFERROR((K43-H43)/H43,0) -> 0 | N43: =+$K43/$K$7*N$7 -> 0 | O43: =IFERROR(N43/N$7,0) -> 0 | P43: =+$K43/$K$7*P$7 -> 0 | Q43: =IFERROR(P43/P$7,0) -> 0 | R43: =+$K43/$K$7*R$7 -> 0 | S43: =IFERROR(R43/R$7,0) -> 0 | T43: =+AU43 -> 0 | U43: =IFERROR(T43/T$7,0) -> 0 | V43: =+AV43 -> 0 | W43: =IFERROR(V43/V$7,0) -> 0 | X43: =+AW43 -> 0 | Y43: =IFERROR(X43/X$7,0) -> 0 | Z43: =+AX43 -> 0 | AA43: =IFERROR(Z43/Z$7,0) -> 0 | AB43: =+AY43 -> 0 | AC43: =IFERROR(AB43/AB$7,0) -> 0 | AD43: =+AZ43 -> 0 | AE43: =IFERROR(AD43/AD$7,0) -> 0 | AF43: =+BA43 -> 0 | AG43: =IFERROR(AF43/AF$7,0) -> 0 | AH43: =+BB43 -> 0 | AI43: =IFERROR(AH43/AH$7,0) -> 0 | AJ43: =+BC43 -> 0 | AK43: =IFERROR(AJ43/AJ$7,0) -> 0 | AL43: =+BD43 -> 0 | AM43: =IFERROR(AL43/AL$7,0) -> 0 | AN43: =+BE43 -> 0 | AO43: =IFERROR(AN43/AN$7,0) -> 0 | AP43: =+BF43 -> 0 | AQ43: =IFERROR(AP43/AP$7,0) -> 0 | AR43: =IF(#REF!=0,"",T43/#REF!) -> #REF! | AS43: =IF(#REF!=0,"",T43/#REF!) -> #REF! | AU43: 0 | AV43: 0 | AW43: 0 | AX43: 0 | AY43: 0 | AZ43: 0 | BA43: 0 | BB43: 0 | BC43: 0 | BD43: 0 | BE43: 0 | BF43: 0
... B56: 26.본사파견인건비 | C56: 300000000 | D56: 0.00031678611 | E56: 160000000 | F56: 0.00012144524 | G56: -0.46666667 | H56: 480000000 | I56: =IFERROR(H56/H$7,0) -> 0.00034243005 | J56: =IFERROR((H56-E56)/E56,0) -> 2 | K56: =+T56+V56+X56+Z56+AB56+AD56+AF56+AH56+AJ56+AL56+AN56+AP56 -> 480000000 | L56: =IFERROR(K56/K$7,0) -> 0.00023155383 | M56: =IFERROR((K56-H56)/H56,0) -> 0 | N56: =+$K56/$K$7*N$7 -> 4.9355853e+08 | O56: =IFERROR(N56/N$7,0) -> 0.00023155383 | P56: =+$K56/$K$7*P$7 -> 3.384289e+08 | Q56: =IFERROR(P56/P$7,0) -> 0.00023155383 | R56: =+$K56/$K$7*R$7 -> 3.235096e+08 | S56: =IFERROR(R56/R$7,0) -> 0.00023155383 | T56: =+AU56 -> 40000000 | U56: =IFERROR(T56/T$7,0) -> 0.00036022575 | V56: =+AV56 -> 40000000 | W56: =IFERROR(V56/V$7,0) -> 0.00035735863 | X56: =+AW56 -> 40000000 | Y56: =IFERROR(X56/X$7,0) -> 0.00025429258 | Z56: =+AX56 -> 40000000 | AA56: =IFERROR(Z56/Z$7,0) -> 0.0002205959 | AB56: =+AY56 -> 40000000 | AC56: =IFERROR(AB56/AB$7,0) -> 0.00024069269 | AD56: =+AZ56 -> 40000000 | AE56: =IFERROR(AD56/AD$7,0) -> 0.00023113808 | AF56: =+BA56 -> 40000000 | AG56: =IFERROR(AF56/AF$7,0) -> 0.00025237199 | AH56: =+BB56 -> 40000000 | AI56: =IFERROR(AH56/AH$7,0) -> 0.00022758019 | AJ56: =+BC56 -> 40000000 | AK56: =IFERROR(AJ56/AJ$7,0) -> 0.00018601236 | AL56: =+BD56 -> 40000000 | AM56: =IFERROR(AL56/AL$7,0) -> 0.00017773607 | AN56: =+BE56 -> 40000000 | AO56: =IFERROR(AN56/AN$7,0) -> 0.00020275851 | AP56: =+BF56 -> 40000000 | AQ56: =IFERROR(AP56/AP$7,0) -> 0.00019952248 | AR56: =IF(#REF!=0,"",T56/#REF!) -> #REF! | AS56: =IF(#REF!=0,"",T56/#REF!) -> #REF! | AU56: 40000000 | AV56: 40000000 | AW56: 40000000 | AX56: 40000000 | AY56: 40000000 | AZ56: 40000000 | BA56: 40000000 | BB56: 40000000 | BC56: 40000000 | BD56: 40000000 | BE56: 40000000 | BF56: 40000000
B57: 27.판매보증충당금 | C57: 2.8410336e+10 | D57: 0.03 | E57: 3.9478447e+10 | F57: 0.029965435 | G57: 0.38958041 | H57: 4.2052384e+10 | I57: =IFERROR(H57/H$7,0) -> 0.03 | J57: =IFERROR((H57-E57)/E57,0) -> 0.065198536 | K57: =+T57+V57+X57+Z57+AB57+AD57+AF57+AH57+AJ57+AL57+AN57+AP57 -> 6.2188564e+10 | L57: =IFERROR(K57/K$7,0) -> 0.03 | M57: =IFERROR((K57-H57)/H57,0) -> 0.47883565 | N57: =+$K57/$K$7*N$7 -> 6.3945201e+10 | O57: =IFERROR(N57/N$7,0) -> 0.03 | P57: =+$K57/$K$7*P$7 -> 4.3846682e+10 | Q57: =IFERROR(P57/P$7,0) -> 0.03 | R57: =+$K57/$K$7*R$7 -> 4.1913744e+10 | S57: =IFERROR(R57/R$7,0) -> 0.03 | T57: =+T8*0.03 -> 3.3312444e+09 | U57: =IFERROR(T57/T$7,0) -> 0.03 | V57: =+V8*0.03 -> 3.3579713e+09 | W57: =IFERROR(V57/V$7,0) -> 0.03 | X57: =+X8*0.03 -> 4.7189738e+09 | Y57: =IFERROR(X57/X$7,0) -> 0.03 | Z57: =+Z8*0.03 -> 5.4398109e+09 | AA57: =IFERROR(Z57/Z$7,0) -> 0.03 | AB57: =+AB8*0.03 -> 4.9856105e+09 | AC57: =IFERROR(AB57/AB$7,0) -> 0.03 | AD57: =+AD8*0.03 -> 5.1917019e+09 | AE57: =IFERROR(AD57/AD$7,0) -> 0.03 | AF57: =+AF8*0.03 -> 4.7548858e+09 | AG57: =IFERROR(AF57/AF$7,0) -> 0.03 | AH57: =+AH8*0.03 -> 5.2728667e+09 | AI57: =IFERROR(AH57/AH$7,0) -> 0.03 | AJ57: =+AJ8*0.03 -> 6.4511843e+09 | AK57: =IFERROR(AJ57/AJ$7,0) -> 0.03 | AL57: =+AL8*0.03 -> 6.7515841e+09 | AM57: =IFERROR(AL57/AL$7,0) -> 0.03 | AN57: =+AN8*0.03 -> 5.9183705e+09 | AO57: =IFERROR(AN57/AN$7,0) -> 0.03 | AP57: =+AP8*0.03 -> 6.01436e+09 | AQ57: =IFERROR(AP57/AP$7,0) -> 0.03 | AU57: =+AU8*0.03 -> 3.3312444e+09 | AV57: =+AV8*0.03 -> 3.3579713e+09 | AW57: =+AW8*0.03 -> 4.7189738e+09 | AX57: =+AX8*0.03 -> 5.4398109e+09 | AY57: =+AY8*0.03 -> 4.9856105e+09 | AZ57: =+AZ8*0.03 -> 5.1917019e+09 | BA57: =+BA8*0.03 -> 4.7548858e+09 | BB57: =+BB8*0.03 -> 5.2728667e+09 | ... BF57: =+BF8*0.03 -> 6.01436e+09
B58: 28.기술개발충당금 | C58: 3.7880448e+10 | D58: 0.04 | E58: 5.2637929e+10 | F58: 0.039953913 | G58: 0.38958041 | H58: 5.6069845e+10 | I58: =IFERROR(H58/H$7,0) -> 0.04 | J58: =IFERROR((H58-E58)/E58,0) -> 0.065198536 | K58: =+T58+V58+X58+Z58+AB58+AD58+AF58+AH58+AJ58+AL58+AN58+AP58 -> 8.2918086e+10 | L58: =IFERROR(K58/K$7,0) -> 0.04 | M58: =IFERROR((K58-H58)/H58,0) -> 0.47883565 | N58: =+$K58/$K$7*N$7 -> 8.5260268e+10 | O58: =IFERROR(N58/N$7,0) -> 0.04 | P58: =+$K58/$K$7*P$7 -> 5.8462243e+10 | Q58: =IFERROR(P58/P$7,0) -> 0.04 | R58: =+$K58/$K$7*R$7 -> 5.5884992e+10 | S58: =IFERROR(R58/R$7,0) -> 0.04 | T58: =+T8*0.04 -> 4.4416592e+09 | U58: =IFERROR(T58/T$7,0) -> 0.04 | V58: =+V8*0.04 -> 4.477295e+09 | W58: =IFERROR(V58/V$7,0) -> 0.04 | X58: =+X8*0.04 -> 6.2919651e+09 | Y58: =IFERROR(X58/X$7,0) -> 0.04 | Z58: =+Z8*0.04 -> 7.2530811e+09 | AA58: =IFERROR(Z58/Z$7,0) -> 0.04 | AB58: =+AB8*0.04 -> 6.6474807e+09 | AC58: =IFERROR(AB58/AB$7,0) -> 0.04 | AD58: =+AD8*0.04 -> 6.9222693e+09 | AE58: =IFERROR(AD58/AD$7,0) -> 0.04 | AF58: =+AF8*0.04 -> 6.3398478e+09 | AG58: =IFERROR(AF58/AF$7,0) -> 0.04 | AH58: =+AH8*0.04 -> 7.0304889e+09 | AI58: =IFERROR(AH58/AH$7,0) -> 0.04 | AJ58: =+AJ8*0.04 -> 8.601579e+09 | AK58: =IFERROR(AJ58/AJ$7,0) -> 0.04 | AL58: =+AL8*0.04 -> 9.0021122e+09 | AM58: =IFERROR(AL58/AL$7,0) -> 0.04 | AN58: =+AN8*0.04 -> 7.8911607e+09 | AO58: =IFERROR(AN58/AN$7,0) -> 0.04 | AP58: =+AP8*0.04 -> 8.0191466e+09 | AQ58: =IFERROR(AP58/AP$7,0) -> 0.04 | AU58: =+AU8*0.04 -> 4.4416592e+09 | AV58: =+AV8*0.04 -> 4.477295e+09 | AW58: =+AW8*0.04 -> 6.2919651e+09 | AX58: =+AX8*0.04 -> 7.2530811e+09 | AY58: =+AY8*0.04 -> 6.6474807e+09 | AZ58: =+AZ8*0.04 -> 6.9222693e+09 | BA58: =+BA8*0.04 -> 6.3398478e+09 | BB58: =+BB8*0.04 -> 7.0304889e+09 | ... BF58: =+BF8*0.04 -> 8.0191466e+09
B59: 29.기타 | C59: 0 | E59: 0 | H59: 0 | J59: =IFERROR((H59-E59)/E59,0) -> 0 | K59: =+T59+V59+X59+Z59+AB59+AD59+AF59+AH59+AJ59+AL59+AN59+AP59 -> 0 | M59: =IFERROR((K59-H59)/H59,0) -> 0 | N59: =+K59*$K$7/$H$7 -> 0 | P59: =+M59*$K$7/$H$7 -> 0 | T59: =+AU59 -> 0 | V59: =+AV59 -> 0 | AB59: 0 | AD59: 0 | AF59: 0 | AU59: 0 | AV59: 0 | AW59: 0 | AX59: 0 | AY59: 0 | AZ59: 0 | BA59: 0 | BB59: 0 | BC59: 0 | BD59: 0 | BE59: 0 | BF59: 0
B60: Ⅴ. 영업이익 | C60: 4.7588582e+10 | D60: 0.05025134 | E60: 1.1014923e+11 | F60: 0.083606877 | G60: 1.3146147 | H60: 1.5625068e+11 | I60: =IFERROR(H60/H$7,0) -> 0.11146861 | J60: =IFERROR((H60-E60)/E60,0) -> 0.4185363 | K60: =+T60+V60+X60+Z60+AB60+AD60+AF60+AH60+AJ60+AL60+AN60+AP60 -> 1.7022443e+11 | L60: =IFERROR(K60/K$7,0) -> 0.082116915 | M60: =IFERROR((K60-H60)/H60,0) -> 0.089431608 | N60: =N28-N29 -> 9.6398403e+10 | O60: =IFERROR(N60/N$7,0) -> 0.045225475 | P60: =P28-P29 -> 4.8778954e+10 | Q60: =IFERROR(P60/P$7,0) -> 0.033374672 | R60: =R28-R29 -> 4.8985009e+10 | S60: =IFERROR(R60/R$7,0) -> 0.035061298 | T60: =T28-T29 -> 1.1012704e+10 | U60: =IFERROR(T60/T$7,0) -> 0.099176484 | V60: =V28-V29 -> 8.2947546e+09 | W60: =IFERROR(V60/V$7,0) -> 0.074105053 | X60: =X28-X29 -> 1.6730929e+10 | Y60: =IFERROR(X60/X$7,0) -> 0.10636378 | Z60: =Z28-Z29 -> 1.9288625e+10 | AA60: =IFERROR(Z60/Z$7,0) -> 0.10637479 | AB60: =AB28-AB29 -> 1.5913774e+10 | AC60: =IFERROR(AB60/AB$7,0) -> 0.095758228 | AD60: =AD28-AD29 -> 1.5895525e+10 | AE60: =IFERROR(AD60/AD$7,0) -> 0.091851529 | AF60: =AF28-AF29 -> 1.31531e+10 | AG60: =IFERROR(AF60/AF$7,0) -> 0.082986851 | AH60: =AH28-AH29 -> 1.3285613e+10 | AI60: =IFERROR(AH60/AH$7,0) -> 0.07558856 | AJ60: =AJ28-AJ29 -> 1.5211215e+10 | AK60: =IFERROR(AJ60/AJ$7,0) -> 0.070736848 | AL60: =AL28-AL29 -> 1.6397345e+10 | AM60: =IFERROR(AL60/AL$7,0) -> 0.072859991 | AN60: =AN28-AN29 -> 1.233112e+10 | AO60: =IFERROR(AN60/AN$7,0) -> 0.062505989 | AP60: =AP28-AP29 -> 1.2709729e+10 | AQ60: =IFERROR(AP60/AP$7,0) -> 0.063396916 | AR60: =IF(#REF!=0,"",T60/#REF!) -> #REF! | AS60: =IF(#REF!=0,"",T60/#REF!) -> #REF! | AU60: 0 | AV60: 0 | AW60: 0 | AX60: 0 | AY60: 0 | AZ60: 0 | BA60: 0 | BB60: 0 | BC60: 0 | BD60: 0 | BE60: 0 | BF60: 0
H61: =+(H60+H58+H57)*0.1 -> 2.5437291e+10 | I61: =IFERROR(H61/H$7,0) -> 0.018146861 | K61: =+(K60+K58+K57)*0.1 -> 3.1533108e+10 | L61: =IFERROR(K61/K$7,0) -> 0.015211692 | N61: =+(N60+N58+N57)*0.1 -> 2.4560387e+10 | O61: =IFERROR(N61/N$7,0) -> 0.011522548
B62: =B1 -> 2026년 사업계획
B64: 손익계산서(원화) | C64: 적용환율: | E64: 5.5 | T64: (UNIT: KRW) | AN64: (UNIT: KRW) | AR64: (단위: 천원 )
B65: 계정과목 | C65: 총계 | T65: 1월 | V65: 2월 | X65: 3월 | Z65: 4월 | AB65: 5월 | AD65: 6월 | AF65: 7월 | AH65: 8월 | AJ65: 9월 | AL65: 10월 | AN65: 11월 | AP65: 12월 | AR65: 달성율
C66: 2023년(실적) | E66: 2024년(실적) | H66: 2025년 (목표) | K66: 2026년 (목표) | N66: 2027년 (목표) | P66: 2028년 (목표) | R66: 2029년 (목표)
C67: 금액 | D67: 비율 | E67: 금액 | F67: 비율 | G67: 전년대비 | H67: 금액 | I67: 비율 | J67: 전년대비 | K67: 금액 | L67: 비율 | N67: 금액 | O67: 비율 | P67: 금액 | Q67: 비율 | R67: 금액 | S67: 비율 | T67: 금액 | U67: 비율 | V67: 금액 | W67: 비율 | X67: 금액 | Y67: 비율 | Z67: 금액 | AA67: 비율 | AB67: 금액 | AC67: 비율 | AD67: 금액 | AE67: 비율 | AF67: 금액 | AG67: 비율 | AH67: 금액 | AI67: 비율 | AJ67: 금액 | AK67: 비율 | AL67: 금액 | AM67: 비율 | AN67: 금액 | AO67: 비율 | AP67: 금액 | AQ67: 비율 | AR67: 사업목표 대비 | AS67: 운영목표 대비
B68: Ⅰ. 매출액 | C68: 5.2085616e+10 | D68: 1 | E68: 7.246064e+10 | F68: 1 | G68: 0.3911833 | H68: =H7*$E$64/100 -> 7.7096037e+10 | I68: =+IFERROR(H68/H$68,0) -> 1 | J68: =IFERROR((H68-E68)/E68,0) -> 0.063971242 | K68: =K7*$E$64/100 -> 1.1401237e+11 | L68: =+IFERROR(K68/K$68,0) -> 1 | M68: =IFERROR((K68-H68)/H68,0) -> 0.47883565 | N68: =N7*$E$64/100 -> 1.1723287e+11 | O68: =+IFERROR(N68/N$68,0) -> 1 | P68: =P7*$E$64/100 -> 8.0385584e+10 | Q68: =+IFERROR(P68/P$68,0) -> 1 | R68: =R7*$E$64/100 -> 7.6841864e+10 | S68: =+IFERROR(R68/R$68,0) -> 1 | T68: =T7*$E$64/100 -> 6.1072814e+09 | U68: 1 | V68: =V7*$E$64/100 -> 6.1562807e+09 | W68: 1 | X68: =X7*$E$64/100 -> 8.6514519e+09 | Y68: 1 | Z68: =Z7*$E$64/100 -> 9.9729866e+09 | AA68: 1 | AB68: =AB7*$E$64/100 -> 9.140286e+09 | AC68: 1 | AD68: =AD7*$E$64/100 -> 9.5181202e+09 | AE68: 1 | AF68: =AF7*$E$64/100 -> 8.7172907e+09 | AG68: 1 | AH68: =AH7*$E$64/100 -> 9.6669222e+09 | AI68: 1 | AJ68: =AJ7*$E$64/100 -> 1.1827171e+10 | AK68: 1 | AL68: =AL7*$E$64/100 -> 1.2377904e+10 | AM68: 1 | AN68: =AN7*$E$64/100 -> 1.0850346e+10 | AO68: 1 | AP68: =AP7*$E$64/100 -> 1.1026327e+10 | AQ68: 1 | AR68: =IF(#REF!=0,"",T68/#REF!) -> #REF! | AS68: =IF(#REF!=0,"",T68/#REF!) -> #REF! | AU68: =AU7*$E$64/100 -> 6.1072814e+09 | AV68: =AV7*$E$64/100 -> 6.1562807e+09 | AW68: =AW7*$E$64/100 -> 8.6514519e+09 | AX68: =AX7*$E$64/100 -> 9.9729866e+09 | AY68: =AY7*$E$64/100 -> 9.140286e+09 | AZ68: =AZ7*$E$64/100 -> 9.5181202e+09 | BA68: =BA7*$E$64/100 -> 8.7172907e+09 | BB68: =BB7*$E$64/100 -> 9.6669222e+09 | ... BF68: =BF7*$E$64/100 -> 1.1026327e+10
B69: 01.제품매출 | C69: 5.2085616e+10 | D69: 1 | E69: 7.2377152e+10 | F69: 0.99884783 | G69: 0.38958041 | H69: =H8*$E$64/100 -> 7.7096037e+10 | I69: =+IFERROR(H69/H$68,0) -> 1 | J69: =IFERROR((H69-E69)/E69,0) -> 0.065198536 | K69: =K8*$E$64/100 -> 1.1401237e+11 | L69: =+IFERROR(K69/K$68,0) -> 1 | M69: =IFERROR((K69-H69)/H69,0) -> 0.47883565 | N69: =N8*$E$64/100 -> 1.1723287e+11 | O69: =+IFERROR(N69/N$68,0) -> 1 | P69: =P8*$E$64/100 -> 8.0385584e+10 | Q69: =+IFERROR(P69/P$68,0) -> 1 | R69: =R8*$E$64/100 -> 7.6841864e+10 | S69: =+IFERROR(R69/R$68,0) -> 1 | T69: =T8*$E$64/100 -> 6.1072814e+09 | U69: =+IFERROR(T69/T$68,0) -> 1 | V69: =V8*$E$64/100 -> 6.1562807e+09 | W69: =+IFERROR(V69/V$68,0) -> 1 | X69: =X8*$E$64/100 -> 8.6514519e+09 | Y69: =+IFERROR(X69/X$68,0) -> 1 | Z69: =Z8*$E$64/100 -> 9.9729866e+09 | AA69: =+IFERROR(Z69/Z$68,0) -> 1 | AB69: =AB8*$E$64/100 -> 9.140286e+09 | AC69: =+IFERROR(AB69/AB$68,0) -> 1 | AD69: =AD8*$E$64/100 -> 9.5181202e+09 | AE69: =+IFERROR(AD69/AD$68,0) -> 1 | AF69: =AF8*$E$64/100 -> 8.7172907e+09 | AG69: =+IFERROR(AF69/AF$68,0) -> 1 | AH69: =AH8*$E$64/100 -> 9.6669222e+09 | AI69: =+IFERROR(AH69/AH$68,0) -> 1 | AJ69: =AJ8*$E$64/100 -> 1.1827171e+10 | AK69: =+IFERROR(AJ69/AJ$68,0) -> 1 | AL69: =AL8*$E$64/100 -> 1.2377904e+10 | AM69: =+IFERROR(AL69/AL$68,0) -> 1 | AN69: =AN8*$E$64/100 -> 1.0850346e+10 | AO69: =+IFERROR(AN69/AN$68,0) -> 1 | AP69: =AP8*$E$64/100 -> 1.1026327e+10 | AQ69: =+IFERROR(AP69/AP$68,0) -> 1 | AR69: =IF(#REF!=0,"",T69/#REF!) -> #REF! | AS69: =IF(#REF!=0,"",T69/#REF!) -> #REF! | AU69: =AU8*$E$64/100 -> 6.1072814e+09 | AV69: =AV8*$E$64/100 -> 6.1562807e+09 | AW69: =AW8*$E$64/100 -> 8.6514519e+09 | AX69: =AX8*$E$64/100 -> 9.9729866e+09 | AY69: =AY8*$E$64/100 -> 9.140286e+09 | AZ69: =AZ8*$E$64/100 -> 9.5181202e+09 | BA69: =BA8*$E$64/100 -> 8.7172907e+09 | BB69: =BB8*$E$64/100 -> 9.6669222e+09 | ... BF69: =BF8*$E$64/100 -> 1.1026327e+10
B70: (1) 국내매출 | C70: 2.402794e+09 | D70: 0.046131623 | E70: 1.7548114e+09 | F70: 0.024217443 | G70: -0.2696788 | H70: =H9*$E$64/100 -> 1.2709222e+09 | I70: =+IFERROR(H70/H$68,0) -> 0.016484923 | J70: =IFERROR((H70-E70)/E70,0) -> -0.27574997 | K70: =K9*$E$64/100 -> 1.2233057e+09 | L70: =+IFERROR(K70/K$68,0) -> 0.010729588 | M70: =IFERROR((K70-H70)/H70,0) -> -0.037466116 | N70: =N9*$E$64/100 -> 1.2233057e+09 | O70: =+IFERROR(N70/N$68,0) -> 0.010434836 | P70: =P9*$E$64/100 -> 1.2233057e+09 | Q70: =+IFERROR(P70/P$68,0) -> 0.015217974 | R70: =R9*$E$64/100 -> 1.2233057e+09 | S70: =+IFERROR(R70/R$68,0) -> 0.015919782 | T70: =T9*$E$64/100 -> 1.0194214e+08 | U70: =+IFERROR(T70/T$68,0) -> 0.016691902 | V70: =V9*$E$64/100 -> 1.0194214e+08 | W70: =+IFERROR(V70/V$68,0) -> 0.016559047 | X70: =X9*$E$64/100 -> 1.0194214e+08 | Y70: =+IFERROR(X70/X$68,0) -> 0.011783241 | Z70: =Z9*$E$64/100 -> 1.0194214e+08 | AA70: =+IFERROR(Z70/Z$68,0) -> 0.010221827 | AB70: =AB9*$E$64/100 -> 1.0194214e+08 | AC70: =+IFERROR(AB70/AB$68,0) -> 0.011153058 | AD70: =AD9*$E$64/100 -> 1.0194214e+08 | AE70: =+IFERROR(AD70/AD$68,0) -> 0.010710323 | AF70: =AF9*$E$64/100 -> 1.0194214e+08 | AG70: =+IFERROR(AF70/AF$68,0) -> 0.011694246 | AH70: =AH9*$E$64/100 -> 1.0194214e+08 | AI70: =+IFERROR(AH70/AH$68,0) -> 0.01054546 | AJ70: =AJ9*$E$64/100 -> 1.0194214e+08 | AK70: =+IFERROR(AJ70/AJ$68,0) -> 0.0086193174 | AL70: =AL9*$E$64/100 -> 1.0194214e+08 | AM70: =+IFERROR(AL70/AL$68,0) -> 0.008235816 | AN70: =AN9*$E$64/100 -> 1.0194214e+08 | AO70: =+IFERROR(AN70/AN$68,0) -> 0.0093952896 | AP70: =AP9*$E$64/100 -> 1.0194214e+08 | AQ70: =+IFERROR(AP70/AP$68,0) -> 0.0092453404 | AR70: =IF(#REF!=0,"",T70/#REF!) -> #REF! | AS70: =IF(#REF!=0,"",T70/#REF!) -> #REF! | AU70: =AU9*$E$64/100 -> 1.0194214e+08 | AV70: =AV9*$E$64/100 -> 1.0194214e+08 | AW70: =AW9*$E$64/100 -> 1.0194214e+08 | AX70: =AX9*$E$64/100 -> 1.0194214e+08 | AY70: =AY9*$E$64/100 -> 1.0194214e+08 | AZ70: =AZ9*$E$64/100 -> 1.0194214e+08 | BA70: =BA9*$E$64/100 -> 1.0194214e+08 | BB70: =BB9*$E$64/100 -> 1.0194214e+08 | ... BF70: =BF9*$E$64/100 -> 1.0194214e+08
B71: (2) 국외매출 (CBU) | C71: 4.9682822e+10 | D71: 0.95386838 | E71: 7.0622341e+10 | F71: 0.97463038 | G71: 0.42146395 | H71: =H10*$E$64/100 -> 7.5825114e+10 | I71: =+IFERROR(H71/H$68,0) -> 0.98351508 | J71: =IFERROR((H71-E71)/E71,0) -> 0.073670364 | K71: =K10*$E$64/100 -> 1.1278906e+11 | L71: =+IFERROR(K71/K$68,0) -> 0.98927041 | M71: =IFERROR((K71-H71)/H71,0) -> 0.4874895 | N71: =N10*$E$64/100 -> 1.1600956e+11 | O71: =+IFERROR(N71/N$68,0) -> 0.98956516 | P71: =P10*$E$64/100 -> 7.9162278e+10 | Q71: =+IFERROR(P71/P$68,0) -> 0.98478203 | R71: =R10*$E$64/100 -> 7.5618559e+10 | S71: =+IFERROR(R71/R$68,0) -> 0.98408022 | T71: =T10*$E$64/100 -> 6.0053392e+09 | U71: =+IFERROR(T71/T$68,0) -> 0.9833081 | V71: =V10*$E$64/100 -> 6.0543385e+09 | W71: =+IFERROR(V71/V$68,0) -> 0.98344095 | X71: =X10*$E$64/100 -> 8.5495098e+09 | Y71: =+IFERROR(X71/X$68,0) -> 0.98821676 | Z71: =Z10*$E$64/100 -> 9.8710444e+09 | AA71: =+IFERROR(Z71/Z$68,0) -> 0.98977817 | AB71: =AB10*$E$64/100 -> 9.0383438e+09 | AC71: =+IFERROR(AB71/AB$68,0) -> 0.98884694 | AD71: =AD10*$E$64/100 -> 9.4161781e+09 | AE71: =+IFERROR(AD71/AD$68,0) -> 0.98928968 | AF71: =AF10*$E$64/100 -> 8.6153486e+09 | AG71: =+IFERROR(AF71/AF$68,0) -> 0.98830575 | AH71: =AH10*$E$64/100 -> 9.5649801e+09 | AI71: =+IFERROR(AH71/AH$68,0) -> 0.98945454 | AJ71: =AJ10*$E$64/100 -> 1.1725229e+10 | AK71: =+IFERROR(AJ71/AJ$68,0) -> 0.99138068 | AL71: =AL10*$E$64/100 -> 1.2275962e+10 | AM71: =+IFERROR(AL71/AL$68,0) -> 0.99176418 | AN71: =AN10*$E$64/100 -> 1.0748404e+10 | AO71: =+IFERROR(AN71/AN$68,0) -> 0.99060471 | AP71: =AP10*$E$64/100 -> 1.0924384e+10 | AQ71: =+IFERROR(AP71/AP$68,0) -> 0.99075466 | AR71: =IF(#REF!=0,"",T71/#REF!) -> #REF! | AS71: =IF(#REF!=0,"",T71/#REF!) -> #REF! | AU71: =AU10*$E$64/100 -> 6.0053392e+09 | AV71: =AV10*$E$64/100 -> 6.0543385e+09 | AW71: =AW10*$E$64/100 -> 8.5495098e+09 | AX71: =AX10*$E$64/100 -> 9.8710444e+09 | AY71: =AY10*$E$64/100 -> 9.0383438e+09 | AZ71: =AZ10*$E$64/100 -> 9.4161781e+09 | BA71: =BA10*$E$64/100 -> 8.6153486e+09 | BB71: =BB10*$E$64/100 -> 9.5649801e+09 | ... BF71: =BF10*$E$64/100 -> 1.0924384e+10
B72: 02.상품매출 | C72: 0 | D72: 0 | E72: 83487203 | F72: 0.0011521732 | G72: 0 | H72: =H11*$E$64/100 -> 0 | I72: =+IFERROR(H72/H$68,0) -> 0 | J72: =IFERROR((H72-E72)/E72,0) -> -1 | K72: =K11*$E$64/100 -> 0 | L72: =+IFERROR(K72/K$68,0) -> 0 | M72: =IFERROR((K72-H72)/H72,0) -> 0 | N72: =N11*$E$64/100 -> 0 | O72: =+IFERROR(N72/N$68,0) -> 0 | P72: =P11*$E$64/100 -> 0 | Q72: =+IFERROR(P72/P$68,0) -> 0 | R72: =R11*$E$64/100 -> 0 | S72: =+IFERROR(R72/R$68,0) -> 0 | T72: =T11*$E$64/100 -> 0 | U72: =+IFERROR(T72/T$68,0) -> 0 | V72: =V11*$E$64/100 -> 0 | W72: =+IFERROR(V72/V$68,0) -> 0 | X72: =X11*$E$64/100 -> 0 | Y72: =+IFERROR(X72/X$68,0) -> 0 | Z72: =Z11*$E$64/100 -> 0 | AA72: =+IFERROR(Z72/Z$68,0) -> 0 | AB72: =AB11*$E$64/100 -> 0 | AC72: =+IFERROR(AB72/AB$68,0) -> 0 | AD72: =AD11*$E$64/100 -> 0 | AE72: =+IFERROR(AD72/AD$68,0) -> 0 | AF72: =AF11*$E$64/100 -> 0 | AG72: =+IFERROR(AF72/AF$68,0) -> 0 | AH72: =AH11*$E$64/100 -> 0 | AI72: =+IFERROR(AH72/AH$68,0) -> 0 | AJ72: =AJ11*$E$64/100 -> 0 | AK72: =+IFERROR(AJ72/AJ$68,0) -> 0 | AL72: =AL11*$E$64/100 -> 0 | AM72: =+IFERROR(AL72/AL$68,0) -> 0 | AN72: =AN11*$E$64/100 -> 0 | AO72: =+IFERROR(AN72/AN$68,0) -> 0 | AP72: =AP11*$E$64/100 -> 0 | AQ72: =+IFERROR(AP72/AP$68,0) -> 0 | AR72: =IF(#REF!=0,"",T72/#REF!) -> #REF! | AS72: =IF(#REF!=0,"",T72/#REF!) -> #REF! | AU72: =AU11*$E$64/100 -> 0 | AV72: =AV11*$E$64/100 -> 0 | AW72: =AW11*$E$64/100 -> 0 | AX72: =AX11*$E$64/100 -> 0 | AY72: =AY11*$E$64/100 -> 0 | AZ72: =AZ11*$E$64/100 -> 0 | BA72: =BA11*$E$64/100 -> 0 | BB72: =BB11*$E$64/100 -> 0 | ... BF72: =BF11*$E$64/100 -> 0
B73: (1) 국내매출-NET | C73: 0 | D73: 0 | E73: 0 | F73: 0 | G73: 0 | H73: =H12*$E$64/100 -> 0 | I73: =+IFERROR(H73/H$68,0) -> 0 | J73: =IFERROR((H73-E73)/E73,0) -> 0 | K73: =K12*$E$64/100 -> 0 | L73: =+IFERROR(K73/K$68,0) -> 0 | M73: =IFERROR((K73-H73)/H73,0) -> 0 | N73: =N12*$E$64/100 -> 0 | O73: =+IFERROR(N73/N$68,0) -> 0 | P73: =P12*$E$64/100 -> 0 | Q73: =+IFERROR(P73/P$68,0) -> 0 | R73: =R12*$E$64/100 -> 0 | S73: =+IFERROR(R73/R$68,0) -> 0 | T73: =T12*$E$64/100 -> 0 | U73: =+IFERROR(T73/T$68,0) -> 0 | V73: =V12*$E$64/100 -> 0 | W73: =+IFERROR(V73/V$68,0) -> 0 | X73: =X12*$E$64/100 -> 0 | Y73: =+IFERROR(X73/X$68,0) -> 0 | Z73: =Z12*$E$64/100 -> 0 | AA73: =+IFERROR(Z73/Z$68,0) -> 0 | AB73: =AB12*$E$64/100 -> 0 | AC73: =+IFERROR(AB73/AB$68,0) -> 0 | AD73: =AD12*$E$64/100 -> 0 | AE73: =+IFERROR(AD73/AD$68,0) -> 0 | AF73: =AF12*$E$64/100 -> 0 | AG73: =+IFERROR(AF73/AF$68,0) -> 0 | AH73: =AH12*$E$64/100 -> 0 | AI73: =+IFERROR(AH73/AH$68,0) -> 0 | AJ73: =AJ12*$E$64/100 -> 0 | AK73: =+IFERROR(AJ73/AJ$68,0) -> 0 | AL73: =AL12*$E$64/100 -> 0 | AM73: =+IFERROR(AL73/AL$68,0) -> 0 | AN73: =AN12*$E$64/100 -> 0 | AO73: =+IFERROR(AN73/AN$68,0) -> 0 | AP73: =AP12*$E$64/100 -> 0 | AQ73: =+IFERROR(AP73/AP$68,0) -> 0 | AR73: =IF(#REF!=0,"",T73/#REF!) -> #REF! | AS73: =IF(#REF!=0,"",T73/#REF!) -> #REF! | AU73: =AU12*$E$64/100 -> 0 | AV73: =AV12*$E$64/100 -> 0 | AW73: =AW12*$E$64/100 -> 0 | AX73: =AX12*$E$64/100 -> 0 | AY73: =AY12*$E$64/100 -> 0 | AZ73: =AZ12*$E$64/100 -> 0 | BA73: =BA12*$E$64/100 -> 0 | BB73: =BB12*$E$64/100 -> 0 | ... BF73: =BF12*$E$64/100 -> 0
B74: 국내매출-GROSS | C74: 0 | D74: 0 | E74: 83487203 | F74: 0.0011521732 | G74: 0 | H74: =H13*$E$64/100 -> 88569339 | I74: =+IFERROR(H74/H$68,0) -> 0.0011488183 | J74: =IFERROR((H74-E74)/E74,0) -> 0.060873233 | K74: =K13*$E$64/100 -> 0 | L74: =+IFERROR(K74/K$68,0) -> 0 | M74: =IFERROR((K74-H74)/H74,0) -> -1 | N74: =N13*$E$64/100 -> 0 | O74: =+IFERROR(N74/N$68,0) -> 0 | P74: =P13*$E$64/100 -> 0 | Q74: =+IFERROR(P74/P$68,0) -> 0 | R74: =R13*$E$64/100 -> 0 | S74: =+IFERROR(R74/R$68,0) -> 0 | T74: =T13*$E$64/100 -> 0 | U74: =+IFERROR(T74/T$68,0) -> 0 | V74: =V13*$E$64/100 -> 0 | W74: =+IFERROR(V74/V$68,0) -> 0 | X74: =X13*$E$64/100 -> 0 | Y74: =+IFERROR(X74/X$68,0) -> 0 | Z74: =Z13*$E$64/100 -> 0 | AA74: =+IFERROR(Z74/Z$68,0) -> 0 | AB74: =AB13*$E$64/100 -> 0 | AC74: =+IFERROR(AB74/AB$68,0) -> 0 | AD74: =AD13*$E$64/100 -> 0 | AE74: =+IFERROR(AD74/AD$68,0) -> 0 | AF74: =AF13*$E$64/100 -> 0 | AG74: =+IFERROR(AF74/AF$68,0) -> 0 | AH74: =AH13*$E$64/100 -> 0 | AI74: =+IFERROR(AH74/AH$68,0) -> 0 | AJ74: =AJ13*$E$64/100 -> 0 | AK74: =+IFERROR(AJ74/AJ$68,0) -> 0 | AL74: =AL13*$E$64/100 -> 0 | AM74: =+IFERROR(AL74/AL$68,0) -> 0 | AN74: =AN13*$E$64/100 -> 0 | AO74: =+IFERROR(AN74/AN$68,0) -> 0 | AP74: =AP13*$E$64/100 -> 0 | AQ74: =+IFERROR(AP74/AP$68,0) -> 0 | AR74: =IF(#REF!=0,"",T74/#REF!) -> #REF! | AS74: =IF(#REF!=0,"",T74/#REF!) -> #REF! | AU74: =AU13*$E$64/100 -> 0 | AV74: =AV13*$E$64/100 -> 0 | AW74: =AW13*$E$64/100 -> 0 | AX74: =AX13*$E$64/100 -> 0 | AY74: =AY13*$E$64/100 -> 0 | AZ74: =AZ13*$E$64/100 -> 0 | BA74: =BA13*$E$64/100 -> 0 | BB74: =BB13*$E$64/100 -> 0 | ... BF74: =BF13*$E$64/100 -> 0
B75: (2) 국외매출 (CKD) | C75: 0 | D75: 0 | E75: 0 | F75: 0 | G75: 0 | H75: =H14*$E$64/100 -> 0 | I75: =+IFERROR(H75/H$68,0) -> 0 | J75: =IFERROR((H75-E75)/E75,0) -> 0 | K75: =K14*$E$64/100 -> 0 | L75: =+IFERROR(K75/K$68,0) -> 0 | M75: =IFERROR((K75-H75)/H75,0) -> 0 | N75: =N14*$E$64/100 -> 0 | O75: =+IFERROR(N75/N$68,0) -> 0 | P75: =P14*$E$64/100 -> 0 | Q75: =+IFERROR(P75/P$68,0) -> 0 | R75: =R14*$E$64/100 -> 0 | S75: =+IFERROR(R75/R$68,0) -> 0 | T75: =T14*$E$64/100 -> 0 | U75: =+IFERROR(T75/T$68,0) -> 0 | V75: =V14*$E$64/100 -> 0 | W75: =+IFERROR(V75/V$68,0) -> 0 | X75: =X14*$E$64/100 -> 0 | Y75: =+IFERROR(X75/X$68,0) -> 0 | Z75: =Z14*$E$64/100 -> 0 | AA75: =+IFERROR(Z75/Z$68,0) -> 0 | AB75: =AB14*$E$64/100 -> 0 | AC75: =+IFERROR(AB75/AB$68,0) -> 0 | AD75: =AD14*$E$64/100 -> 0 | AE75: =+IFERROR(AD75/AD$68,0) -> 0 | AF75: =AF14*$E$64/100 -> 0 | AG75: =+IFERROR(AF75/AF$68,0) -> 0 | AH75: =AH14*$E$64/100 -> 0 | AI75: =+IFERROR(AH75/AH$68,0) -> 0 | AJ75: =AJ14*$E$64/100 -> 0 | AK75: =+IFERROR(AJ75/AJ$68,0) -> 0 | AL75: =AL14*$E$64/100 -> 0 | AM75: =+IFERROR(AL75/AL$68,0) -> 0 | AN75: =AN14*$E$64/100 -> 0 | AO75: =+IFERROR(AN75/AN$68,0) -> 0 | AP75: =AP14*$E$64/100 -> 0 | AQ75: =+IFERROR(AP75/AP$68,0) -> 0 | AR75: =IF(#REF!=0,"",T75/#REF!) -> #REF! | AS75: =IF(#REF!=0,"",T75/#REF!) -> #REF! | AU75: =AU14*$E$64/100 -> 0 | AV75: =AV14*$E$64/100 -> 0 | AW75: =AW14*$E$64/100 -> 0 | AX75: =AX14*$E$64/100 -> 0 | AY75: =AY14*$E$64/100 -> 0 | AZ75: =AZ14*$E$64/100 -> 0 | BA75: =BA14*$E$64/100 -> 0 | BB75: =BB14*$E$64/100 -> 0 | ... BF75: =BF14*$E$64/100 -> 0
B76: 03.수불무관매출 | C76: 0 | D76: 0 | E76: 0 | F76: 0 | G76: 0 | H76: =H15*$E$64/100 -> 0 | I76: =+IFERROR(H76/H$68,0) -> 0 | J76: =IFERROR((H76-E76)/E76,0) -> 0 | K76: =K15*$E$64/100 -> 0 | L76: =+IFERROR(K76/K$68,0) -> 0 | M76: =IFERROR((K76-H76)/H76,0) -> 0 | N76: =N15*$E$64/100 -> 0 | O76: =+IFERROR(N76/N$68,0) -> 0 | P76: =P15*$E$64/100 -> 0 | Q76: =+IFERROR(P76/P$68,0) -> 0 | R76: =R15*$E$64/100 -> 0 | S76: =+IFERROR(R76/R$68,0) -> 0 | T76: =T15*$E$64/100 -> 0 | U76: =+IFERROR(T76/T$68,0) -> 0 | V76: =V15*$E$64/100 -> 0 | W76: =+IFERROR(V76/V$68,0) -> 0 | X76: =X15*$E$64/100 -> 0 | Y76: =+IFERROR(X76/X$68,0) -> 0 | Z76: =Z15*$E$64/100 -> 0 | AA76: =+IFERROR(Z76/Z$68,0) -> 0 | AB76: =AB15*$E$64/100 -> 0 | AC76: =+IFERROR(AB76/AB$68,0) -> 0 | AD76: =AD15*$E$64/100 -> 0 | AE76: =+IFERROR(AD76/AD$68,0) -> 0 | AF76: =AF15*$E$64/100 -> 0 | AG76: =+IFERROR(AF76/AF$68,0) -> 0 | AH76: =AH15*$E$64/100 -> 0 | AI76: =+IFERROR(AH76/AH$68,0) -> 0 | AJ76: =AJ15*$E$64/100 -> 0 | AK76: =+IFERROR(AJ76/AJ$68,0) -> 0 | AL76: =AL15*$E$64/100 -> 0 | AM76: =+IFERROR(AL76/AL$68,0) -> 0 | AN76: =AN15*$E$64/100 -> 0 | AO76: =+IFERROR(AN76/AN$68,0) -> 0 | AP76: =AP15*$E$64/100 -> 0 | AQ76: =+IFERROR(AP76/AP$68,0) -> 0 | AR76: =IF(#REF!=0,"",T76/#REF!) -> #REF! | AS76: =IF(#REF!=0,"",T76/#REF!) -> #REF! | AU76: =AU15*$E$64/100 -> 0 | AV76: =AV15*$E$64/100 -> 0 | AW76: =AW15*$E$64/100 -> 0 | AX76: =AX15*$E$64/100 -> 0 | AY76: =AY15*$E$64/100 -> 0 | AZ76: =AZ15*$E$64/100 -> 0 | BA76: =BA15*$E$64/100 -> 0 | BB76: =BB15*$E$64/100 -> 0 | ... BF76: =BF15*$E$64/100 -> 0
